nohup: ignoring input
COMPARE_RUN_DIR=/scratch/marzii/compare_runs/pebble/4127465/seed_12345
device: cpu
env: walker_walk
feed_type: 0
max_feedback: 1400
num_interact: 5000
num_train_steps: 500000
num_unsup_steps: 5000
reward_batch: 128
reward_update: 200
seed: 12345
workspace: /scratch/marzii/compare_runs/pebble/4127465/seed_12345/pebble
[2026-02-26 16:54:57,681][absl][INFO] - MUJOCO_GL=osmesa, attempting to import specified OpenGL backend.
[2026-02-26 16:54:57,705][OpenGL.acceleratesupport][INFO] - No OpenGL_accelerate module loaded: No module named 'OpenGL_accelerate'
[2026-02-26 16:54:57,872][absl][INFO] - MuJoCo library version is: 2.3.7
/scratch/marzii/envs/bpref39/lib/python3.9/site-packages/gym/spaces/box.py:73: UserWarning: [33mWARN: Box bound precision lowered by casting to float32[0m
  logger.warn(
| train          | E: 2 | S: 2000 | R: -38.8769 | TR: 32.4476 | TF: 0 | LR: 0 | NR: 0 | D: 16.9 s | TD: 00.0 s | BR: -0.0419 | ALOSS: -6.8355 | CLOSS: 0.3287 | TLOSS: 0.5488 | TVAL: 0.0960 | AENT: -0.3280 | BCLOSS: 0.0000
| train          | E: 3 | S: 3000 | R: -51.4608 | TR: 186.5775 | TF: 0 | LR: 0 | NR: 0 | D: 17.6 s | TD: 00.0 s | BR: -0.0436 | ALOSS: -11.6068 | CLOSS: 0.2403 | TLOSS: 0.3158 | TVAL: 0.0899 | AENT: -2.4859 | BCLOSS: 0.0000
| train          | E: 4 | S: 4000 | R: -42.3276 | TR: 96.8567 | TF: 0 | LR: 0 | NR: 0 | D: 19.4 s | TD: 00.0 s | BR: -0.0453 | ALOSS: -16.8179 | CLOSS: 0.3073 | TLOSS: 0.2706 | TVAL: 0.0832 | AENT: -2.7529 | BCLOSS: 0.0000
| train          | E: 5 | S: 5000 | R: -52.6688 | TR: 111.5639 | TF: 0 | LR: 0 | NR: 0 | D: 19.5 s | TD: 00.0 s | BR: -0.0476 | ALOSS: -21.6315 | CLOSS: 0.3376 | TLOSS: 0.1938 | TVAL: 0.0772 | AENT: -3.4953 | BCLOSS: 0.0000
| train          | E: 6 | S: 6000 | R: -58.5634 | TR: 74.5962 | TF: 0 | LR: 0 | NR: 0 | D: 17.6 s | TD: 00.0 s | BR: -0.0500 | ALOSS: -27.1957 | CLOSS: 0.3901 | TLOSS: 0.1147 | TVAL: 0.0725 | AENT: -4.4218 | BCLOSS: 0.0000
| train          | E: 7 | S: 7000 | R: -65.0524 | TR: 164.7785 | TF: 0 | LR: 0 | NR: 0 | D: 17.4 s | TD: 00.0 s | BR: -0.0519 | ALOSS: -32.2642 | CLOSS: 0.4321 | TLOSS: 0.0761 | TVAL: 0.0687 | AENT: -4.8944 | BCLOSS: 0.0000
| train          | E: 8 | S: 8000 | R: -58.5369 | TR: 102.2280 | TF: 0 | LR: 0 | NR: 0 | D: 17.4 s | TD: 00.0 s | BR: -0.0533 | ALOSS: -37.4629 | CLOSS: 0.4650 | TLOSS: 0.0432 | TVAL: 0.0653 | AENT: -5.3401 | BCLOSS: 0.0000
| train          | E: 9 | S: 9000 | R: -68.4600 | TR: 154.4776 | TF: 0 | LR: 0 | NR: 0 | D: 18.3 s | TD: 00.0 s | BR: -0.0545 | ALOSS: -42.8867 | CLOSS: 0.5313 | TLOSS: 0.0160 | TVAL: 0.0632 | AENT: -5.7471 | BCLOSS: 0.0000
| train          | E: 10 | S: 10000 | R: -54.7421 | TR: 123.9356 | TF: 0 | LR: 0 | NR: 0 | D: 17.4 s | TD: 00.0 s | BR: -0.0548 | ALOSS: -47.6245 | CLOSS: 0.5637 | TLOSS: 0.0010 | TVAL: 0.0622 | AENT: -5.9832 | BCLOSS: 0.0000
| eval           | E: 10 | S: 10000 | R: 151.5428 | TR: 151.5428 | TS: 0.0000
Reward function is updated!! ACC: 1.0
| train          | E: 11 | S: 11000 | R: -61.0208 | TR: 120.5940 | TF: 0 | LR: 0 | NR: 0 | D: 45.6 s | TD: 00.0 s | BR: 0.0198 | ALOSS: -0.4051 | CLOSS: 0.0797 | TLOSS: 0.5055 | TVAL: 0.0546 | AENT: 3.2565 | BCLOSS: 0.0000
| train          | E: 12 | S: 12000 | R: -5.0769 | TR: 44.0475 | TF: 50 | LR: 50 | NR: 0 | D: 12.9 s | TD: 00.0 s | BR: 0.0181 | ALOSS: -0.8950 | CLOSS: 0.0348 | TLOSS: 0.4414 | TVAL: 0.0484 | AENT: 3.1237 | BCLOSS: 0.0000
| train          | E: 13 | S: 13000 | R: -8.1182 | TR: 21.6389 | TF: 50 | LR: 50 | NR: 0 | D: 13.7 s | TD: 00.0 s | BR: 0.0173 | ALOSS: -1.2881 | CLOSS: 0.0240 | TLOSS: 0.4014 | TVAL: 0.0438 | AENT: 3.1625 | BCLOSS: 0.0000
| train          | E: 14 | S: 14000 | R: 21.1129 | TR: 60.6589 | TF: 50 | LR: 50 | NR: 0 | D: 13.6 s | TD: 00.0 s | BR: 0.0168 | ALOSS: -1.6347 | CLOSS: 0.0185 | TLOSS: 0.3609 | TVAL: 0.0399 | AENT: 3.0429 | BCLOSS: 0.0000
| train          | E: 15 | S: 15000 | R: 7.2338 | TR: 60.0931 | TF: 50 | LR: 50 | NR: 0 | D: 13.6 s | TD: 00.0 s | BR: 0.0163 | ALOSS: -1.9423 | CLOSS: 0.0152 | TLOSS: 0.3203 | TVAL: 0.0365 | AENT: 2.7838 | BCLOSS: 0.0000
| train          | E: 16 | S: 16000 | R: 11.0434 | TR: 52.8877 | TF: 50 | LR: 50 | NR: 0 | D: 13.5 s | TD: 00.0 s | BR: 0.0158 | ALOSS: -2.2368 | CLOSS: 0.0130 | TLOSS: 0.2816 | TVAL: 0.0334 | AENT: 2.4370 | BCLOSS: 0.0000
| train          | E: 17 | S: 17000 | R: 6.5378 | TR: 54.6538 | TF: 50 | LR: 50 | NR: 0 | D: 13.5 s | TD: 00.0 s | BR: 0.0193 | ALOSS: -2.5616 | CLOSS: 0.0140 | TLOSS: 0.2483 | TVAL: 0.0306 | AENT: 2.1187 | BCLOSS: 0.0000
| train          | E: 18 | S: 18000 | R: 173.7920 | TR: 136.7890 | TF: 50 | LR: 50 | NR: 0 | D: 13.5 s | TD: 00.0 s | BR: 0.0295 | ALOSS: -2.9325 | CLOSS: 0.0142 | TLOSS: 0.2179 | TVAL: 0.0280 | AENT: 1.7690 | BCLOSS: 0.0000
| train          | E: 19 | S: 19000 | R: 205.2375 | TR: 158.5138 | TF: 50 | LR: 50 | NR: 0 | D: 13.6 s | TD: 00.0 s | BR: 0.0388 | ALOSS: -3.3083 | CLOSS: 0.0138 | TLOSS: 0.1895 | TVAL: 0.0257 | AENT: 1.3631 | BCLOSS: 0.0000
| train          | E: 20 | S: 20000 | R: 204.5056 | TR: 168.5560 | TF: 50 | LR: 50 | NR: 0 | D: 13.6 s | TD: 00.0 s | BR: 0.0490 | ALOSS: -3.7194 | CLOSS: 0.0149 | TLOSS: 0.1552 | TVAL: 0.0236 | AENT: 0.5552 | BCLOSS: 0.0000
| eval           | E: 20 | S: 20000 | R: 226.9041 | TR: 226.9041 | TS: 0.0000
| train          | E: 21 | S: 21000 | R: 248.1289 | TR: 175.3120 | TF: 50 | LR: 50 | NR: 0 | D: 25.3 s | TD: 00.0 s | BR: 0.0589 | ALOSS: -4.1928 | CLOSS: 0.0146 | TLOSS: 0.1275 | TVAL: 0.0218 | AENT: -0.1617 | BCLOSS: 0.0000
| train          | E: 22 | S: 22000 | R: 253.3686 | TR: 210.2510 | TF: 50 | LR: 50 | NR: 0 | D: 13.1 s | TD: 00.0 s | BR: 0.0680 | ALOSS: -4.6566 | CLOSS: 0.0144 | TLOSS: 0.1099 | TVAL: 0.0201 | AENT: -0.5425 | BCLOSS: 0.0000
| train          | E: 23 | S: 23000 | R: 272.2241 | TR: 198.2794 | TF: 50 | LR: 50 | NR: 0 | D: 13.6 s | TD: 00.0 s | BR: 0.0764 | ALOSS: -5.1070 | CLOSS: 0.0142 | TLOSS: 0.0935 | TVAL: 0.0185 | AENT: -0.9601 | BCLOSS: 0.0000
| train          | E: 24 | S: 24000 | R: 258.1438 | TR: 216.3263 | TF: 50 | LR: 50 | NR: 0 | D: 13.5 s | TD: 00.0 s | BR: 0.0851 | ALOSS: -5.5674 | CLOSS: 0.0144 | TLOSS: 0.0775 | TVAL: 0.0171 | AENT: -1.4683 | BCLOSS: 0.0000
| train          | E: 25 | S: 25000 | R: 293.8940 | TR: 296.5308 | TF: 50 | LR: 50 | NR: 0 | D: 13.6 s | TD: 00.0 s | BR: 0.0926 | ALOSS: -6.0263 | CLOSS: 0.0147 | TLOSS: 0.0645 | TVAL: 0.0158 | AENT: -1.9157 | BCLOSS: 0.0000
| train          | E: 26 | S: 26000 | R: 250.7689 | TR: 213.8329 | TF: 50 | LR: 50 | NR: 0 | D: 13.5 s | TD: 00.0 s | BR: 0.1001 | ALOSS: -6.5047 | CLOSS: 0.0143 | TLOSS: 0.0518 | TVAL: 0.0146 | AENT: -2.4460 | BCLOSS: 0.0000
| train          | E: 27 | S: 27000 | R: 301.2915 | TR: 233.1145 | TF: 50 | LR: 50 | NR: 0 | D: 13.6 s | TD: 00.0 s | BR: 0.1072 | ALOSS: -6.9820 | CLOSS: 0.0148 | TLOSS: 0.0418 | TVAL: 0.0135 | AENT: -2.9056 | BCLOSS: 0.0000
| train          | E: 28 | S: 28000 | R: 283.1830 | TR: 238.5688 | TF: 50 | LR: 50 | NR: 0 | D: 13.6 s | TD: 00.0 s | BR: 0.1144 | ALOSS: -7.4734 | CLOSS: 0.0142 | TLOSS: 0.0331 | TVAL: 0.0125 | AENT: -3.3584 | BCLOSS: 0.0000
| train          | E: 29 | S: 29000 | R: 311.0466 | TR: 278.6707 | TF: 50 | LR: 50 | NR: 0 | D: 13.7 s | TD: 00.0 s | BR: 0.1213 | ALOSS: -7.9632 | CLOSS: 0.0140 | TLOSS: 0.0258 | TVAL: 0.0116 | AENT: -3.7824 | BCLOSS: 0.0000
| train          | E: 30 | S: 30000 | R: 311.3119 | TR: 277.6441 | TF: 50 | LR: 50 | NR: 0 | D: 13.6 s | TD: 00.0 s | BR: 0.1275 | ALOSS: -8.4497 | CLOSS: 0.0139 | TLOSS: 0.0196 | TVAL: 0.0108 | AENT: -4.1883 | BCLOSS: 0.0000
| eval           | E: 30 | S: 30000 | R: 257.2739 | TR: 257.2739 | TS: 0.0000
Reward function is updated!! ACC: 0.9700000000000001
| train          | E: 31 | S: 31000 | R: 314.3571 | TR: 255.3845 | TF: 50 | LR: 50 | NR: 0 | D: 25.6 s | TD: 00.0 s | BR: 0.0458 | ALOSS: -8.7075 | CLOSS: 0.0184 | TLOSS: 0.0203 | TVAL: 0.0100 | AENT: -3.9626 | BCLOSS: 0.0000
| train          | E: 32 | S: 32000 | R: 109.7767 | TR: 207.1256 | TF: 100 | LR: 100 | NR: 0 | D: 13.6 s | TD: 00.0 s | BR: 0.0475 | ALOSS: -8.8873 | CLOSS: 0.0181 | TLOSS: 0.0185 | TVAL: 0.0091 | AENT: -3.9769 | BCLOSS: 0.0000
| train          | E: 33 | S: 33000 | R: 119.7989 | TR: 108.6016 | TF: 100 | LR: 100 | NR: 0 | D: 13.6 s | TD: 00.0 s | BR: 0.0494 | ALOSS: -9.0475 | CLOSS: 0.0174 | TLOSS: 0.0158 | TVAL: 0.0084 | AENT: -4.1132 | BCLOSS: 0.0000
| train          | E: 34 | S: 34000 | R: 130.1601 | TR: 99.5091 | TF: 100 | LR: 100 | NR: 0 | D: 13.6 s | TD: 00.0 s | BR: 0.0527 | ALOSS: -9.2334 | CLOSS: 0.0161 | TLOSS: 0.0118 | TVAL: 0.0077 | AENT: -4.4728 | BCLOSS: 0.0000
| train          | E: 35 | S: 35000 | R: 159.0703 | TR: 105.6279 | TF: 100 | LR: 100 | NR: 0 | D: 13.6 s | TD: 00.0 s | BR: 0.0555 | ALOSS: -9.4331 | CLOSS: 0.0148 | TLOSS: 0.0083 | TVAL: 0.0072 | AENT: -4.8402 | BCLOSS: 0.0000
| train          | E: 36 | S: 36000 | R: 163.5128 | TR: 149.7368 | TF: 100 | LR: 100 | NR: 0 | D: 13.6 s | TD: 00.0 s | BR: 0.0585 | ALOSS: -9.6260 | CLOSS: 0.0152 | TLOSS: 0.0049 | TVAL: 0.0068 | AENT: -5.2743 | BCLOSS: 0.0000
| train          | E: 37 | S: 37000 | R: 141.0022 | TR: 130.1466 | TF: 100 | LR: 100 | NR: 0 | D: 13.6 s | TD: 00.0 s | BR: 0.0617 | ALOSS: -9.8358 | CLOSS: 0.0141 | TLOSS: 0.0020 | TVAL: 0.0065 | AENT: -5.6967 | BCLOSS: 0.0000
| train          | E: 38 | S: 38000 | R: 179.9093 | TR: 137.1316 | TF: 100 | LR: 100 | NR: 0 | D: 13.7 s | TD: 00.0 s | BR: 0.0645 | ALOSS: -10.0453 | CLOSS: 0.0141 | TLOSS: 0.0008 | TVAL: 0.0063 | AENT: -5.8781 | BCLOSS: 0.0000
| train          | E: 39 | S: 39000 | R: 176.6114 | TR: 122.5874 | TF: 100 | LR: 100 | NR: 0 | D: 13.5 s | TD: 00.0 s | BR: 0.0677 | ALOSS: -10.2637 | CLOSS: 0.0134 | TLOSS: -0.0001 | TVAL: 0.0063 | AENT: -6.0148 | BCLOSS: 0.0000
| train          | E: 40 | S: 40000 | R: 193.7858 | TR: 195.1903 | TF: 100 | LR: 100 | NR: 0 | D: 13.6 s | TD: 00.0 s | BR: 0.0705 | ALOSS: -10.5240 | CLOSS: 0.0147 | TLOSS: -0.0007 | TVAL: 0.0064 | AENT: -6.1086 | BCLOSS: 0.0000
| eval           | E: 40 | S: 40000 | R: 159.4049 | TR: 159.4049 | TS: 0.0000
| train          | E: 41 | S: 41000 | R: 183.2533 | TR: 194.7364 | TF: 100 | LR: 100 | NR: 0 | D: 25.4 s | TD: 00.0 s | BR: 0.0736 | ALOSS: -10.7811 | CLOSS: 0.0139 | TLOSS: -0.0003 | TVAL: 0.0066 | AENT: -6.0502 | BCLOSS: 0.0000
| train          | E: 42 | S: 42000 | R: 185.8208 | TR: 223.8115 | TF: 100 | LR: 100 | NR: 0 | D: 12.6 s | TD: 00.0 s | BR: 0.0762 | ALOSS: -11.0208 | CLOSS: 0.0135 | TLOSS: -0.0002 | TVAL: 0.0067 | AENT: -6.0366 | BCLOSS: 0.0000
| train          | E: 43 | S: 43000 | R: 182.1232 | TR: 168.5271 | TF: 100 | LR: 100 | NR: 0 | D: 13.7 s | TD: 00.0 s | BR: 0.0790 | ALOSS: -11.2525 | CLOSS: 0.0133 | TLOSS: -0.0000 | TVAL: 0.0068 | AENT: -6.0052 | BCLOSS: 0.0000
| train          | E: 44 | S: 44000 | R: 205.0095 | TR: 218.9935 | TF: 100 | LR: 100 | NR: 0 | D: 13.5 s | TD: 00.0 s | BR: 0.0822 | ALOSS: -11.4810 | CLOSS: 0.0133 | TLOSS: -0.0003 | TVAL: 0.0069 | AENT: -6.0385 | BCLOSS: 0.0000
| train          | E: 45 | S: 45000 | R: 219.4449 | TR: 243.9524 | TF: 100 | LR: 100 | NR: 0 | D: 13.6 s | TD: 00.0 s | BR: 0.0852 | ALOSS: -11.7118 | CLOSS: 0.0131 | TLOSS: 0.0000 | TVAL: 0.0070 | AENT: -5.9966 | BCLOSS: 0.0000
| train          | E: 46 | S: 46000 | R: 219.5817 | TR: 206.1206 | TF: 100 | LR: 100 | NR: 0 | D: 13.6 s | TD: 00.0 s | BR: 0.0885 | ALOSS: -11.9389 | CLOSS: 0.0135 | TLOSS: 0.0001 | TVAL: 0.0070 | AENT: -5.9893 | BCLOSS: 0.0000
| train          | E: 47 | S: 47000 | R: 214.4305 | TR: 178.2939 | TF: 100 | LR: 100 | NR: 0 | D: 13.6 s | TD: 00.0 s | BR: 0.0911 | ALOSS: -12.1572 | CLOSS: 0.0130 | TLOSS: 0.0000 | TVAL: 0.0069 | AENT: -5.9939 | BCLOSS: 0.0000
| train          | E: 48 | S: 48000 | R: 235.8646 | TR: 183.5399 | TF: 100 | LR: 100 | NR: 0 | D: 13.6 s | TD: 00.0 s | BR: 0.0938 | ALOSS: -12.3767 | CLOSS: 0.0127 | TLOSS: -0.0000 | TVAL: 0.0069 | AENT: -6.0049 | BCLOSS: 0.0000
| train          | E: 49 | S: 49000 | R: 225.0672 | TR: 217.5716 | TF: 100 | LR: 100 | NR: 0 | D: 13.7 s | TD: 00.0 s | BR: 0.0969 | ALOSS: -12.5904 | CLOSS: 0.0127 | TLOSS: 0.0001 | TVAL: 0.0069 | AENT: -5.9901 | BCLOSS: 0.0000
| train          | E: 50 | S: 50000 | R: 235.7773 | TR: 207.0100 | TF: 100 | LR: 100 | NR: 0 | D: 13.7 s | TD: 00.0 s | BR: 0.0993 | ALOSS: -12.8083 | CLOSS: 0.0124 | TLOSS: -0.0001 | TVAL: 0.0069 | AENT: -6.0147 | BCLOSS: 0.0000
| eval           | E: 50 | S: 50000 | R: 223.8963 | TR: 223.8963 | TS: 0.0000
Reward function is updated!! ACC: 0.9844444444444443
| train          | E: 51 | S: 51000 | R: 235.1891 | TR: 208.2897 | TF: 100 | LR: 100 | NR: 0 | D: 25.9 s | TD: 00.0 s | BR: 0.1273 | ALOSS: -13.0560 | CLOSS: 0.0191 | TLOSS: 0.0007 | TVAL: 0.0067 | AENT: -5.8986 | BCLOSS: 0.0000
| train          | E: 52 | S: 52000 | R: 199.2667 | TR: 219.2359 | TF: 150 | LR: 150 | NR: 0 | D: 13.5 s | TD: 00.0 s | BR: 0.1294 | ALOSS: -13.3183 | CLOSS: 0.0201 | TLOSS: 0.0001 | TVAL: 0.0065 | AENT: -5.9839 | BCLOSS: 0.0000
| train          | E: 53 | S: 53000 | R: 225.7629 | TR: 211.6589 | TF: 150 | LR: 150 | NR: 0 | D: 13.5 s | TD: 00.0 s | BR: 0.1325 | ALOSS: -13.6082 | CLOSS: 0.0196 | TLOSS: -0.0003 | TVAL: 0.0066 | AENT: -6.0422 | BCLOSS: 0.0000
| train          | E: 54 | S: 54000 | R: 269.8046 | TR: 282.2026 | TF: 150 | LR: 150 | NR: 0 | D: 13.5 s | TD: 00.0 s | BR: 0.1343 | ALOSS: -13.9050 | CLOSS: 0.0184 | TLOSS: -0.0004 | TVAL: 0.0068 | AENT: -6.0599 | BCLOSS: 0.0000
| train          | E: 55 | S: 55000 | R: 240.0530 | TR: 231.9251 | TF: 150 | LR: 150 | NR: 0 | D: 13.6 s | TD: 00.0 s | BR: 0.1362 | ALOSS: -14.2049 | CLOSS: 0.0181 | TLOSS: -0.0004 | TVAL: 0.0070 | AENT: -6.0630 | BCLOSS: 0.0000
| train          | E: 56 | S: 56000 | R: 269.9372 | TR: 289.7090 | TF: 150 | LR: 150 | NR: 0 | D: 13.6 s | TD: 00.0 s | BR: 0.1384 | ALOSS: -14.5027 | CLOSS: 0.0178 | TLOSS: -0.0004 | TVAL: 0.0072 | AENT: -6.0589 | BCLOSS: 0.0000
| train          | E: 57 | S: 57000 | R: 265.7183 | TR: 248.9655 | TF: 150 | LR: 150 | NR: 0 | D: 13.6 s | TD: 00.0 s | BR: 0.1409 | ALOSS: -14.8022 | CLOSS: 0.0180 | TLOSS: -0.0002 | TVAL: 0.0074 | AENT: -6.0315 | BCLOSS: 0.0000
| train          | E: 58 | S: 58000 | R: 281.1621 | TR: 283.9798 | TF: 150 | LR: 150 | NR: 0 | D: 13.6 s | TD: 00.0 s | BR: 0.1436 | ALOSS: -15.0980 | CLOSS: 0.0179 | TLOSS: -0.0003 | TVAL: 0.0076 | AENT: -6.0440 | BCLOSS: 0.0000
| train          | E: 59 | S: 59000 | R: 278.0760 | TR: 253.1754 | TF: 150 | LR: 150 | NR: 0 | D: 13.6 s | TD: 00.0 s | BR: 0.1457 | ALOSS: -15.4043 | CLOSS: 0.0184 | TLOSS: -0.0004 | TVAL: 0.0078 | AENT: -6.0479 | BCLOSS: 0.0000
| train          | E: 60 | S: 60000 | R: 216.8858 | TR: 234.3745 | TF: 150 | LR: 150 | NR: 0 | D: 13.6 s | TD: 00.0 s | BR: 0.1468 | ALOSS: -15.7118 | CLOSS: 0.0184 | TLOSS: -0.0004 | TVAL: 0.0080 | AENT: -6.0552 | BCLOSS: 0.0000
| eval           | E: 60 | S: 60000 | R: 313.6594 | TR: 313.6594 | TS: 0.0000
| train          | E: 61 | S: 61000 | R: 265.4355 | TR: 331.1340 | TF: 150 | LR: 150 | NR: 0 | D: 25.3 s | TD: 00.0 s | BR: 0.1490 | ALOSS: -16.0282 | CLOSS: 0.0186 | TLOSS: -0.0003 | TVAL: 0.0082 | AENT: -6.0376 | BCLOSS: 0.0000
| train          | E: 62 | S: 62000 | R: 278.4576 | TR: 360.1807 | TF: 150 | LR: 150 | NR: 0 | D: 13.3 s | TD: 00.0 s | BR: 0.1508 | ALOSS: -16.3303 | CLOSS: 0.0189 | TLOSS: 0.0000 | TVAL: 0.0083 | AENT: -5.9973 | BCLOSS: 0.0000
| train          | E: 63 | S: 63000 | R: 279.5643 | TR: 322.5183 | TF: 150 | LR: 150 | NR: 0 | D: 13.6 s | TD: 00.0 s | BR: 0.1524 | ALOSS: -16.6261 | CLOSS: 0.0188 | TLOSS: -0.0001 | TVAL: 0.0083 | AENT: -6.0067 | BCLOSS: 0.0000
| train          | E: 64 | S: 64000 | R: 267.5526 | TR: 270.6523 | TF: 150 | LR: 150 | NR: 0 | D: 13.5 s | TD: 00.0 s | BR: 0.1544 | ALOSS: -16.9131 | CLOSS: 0.0189 | TLOSS: -0.0000 | TVAL: 0.0083 | AENT: -6.0020 | BCLOSS: 0.0000
| train          | E: 65 | S: 65000 | R: 253.4777 | TR: 304.8114 | TF: 150 | LR: 150 | NR: 0 | D: 13.6 s | TD: 00.0 s | BR: 0.1566 | ALOSS: -17.1917 | CLOSS: 0.0184 | TLOSS: 0.0001 | TVAL: 0.0083 | AENT: -5.9871 | BCLOSS: 0.0000
| train          | E: 66 | S: 66000 | R: 294.5965 | TR: 369.8907 | TF: 150 | LR: 150 | NR: 0 | D: 13.6 s | TD: 00.0 s | BR: 0.1588 | ALOSS: -17.4777 | CLOSS: 0.0183 | TLOSS: 0.0002 | TVAL: 0.0082 | AENT: -5.9777 | BCLOSS: 0.0000
| train          | E: 67 | S: 67000 | R: 292.7686 | TR: 390.9934 | TF: 150 | LR: 150 | NR: 0 | D: 13.6 s | TD: 00.0 s | BR: 0.1605 | ALOSS: -17.7605 | CLOSS: 0.0181 | TLOSS: 0.0000 | TVAL: 0.0082 | AENT: -5.9971 | BCLOSS: 0.0000
| train          | E: 68 | S: 68000 | R: 290.9092 | TR: 350.0833 | TF: 150 | LR: 150 | NR: 0 | D: 13.6 s | TD: 00.0 s | BR: 0.1624 | ALOSS: -18.0284 | CLOSS: 0.0177 | TLOSS: 0.0000 | TVAL: 0.0081 | AENT: -5.9946 | BCLOSS: 0.0000
| train          | E: 69 | S: 69000 | R: 293.4202 | TR: 375.0112 | TF: 150 | LR: 150 | NR: 0 | D: 13.7 s | TD: 00.0 s | BR: 0.1642 | ALOSS: -18.2911 | CLOSS: 0.0172 | TLOSS: 0.0000 | TVAL: 0.0081 | AENT: -5.9947 | BCLOSS: 0.0000
| train          | E: 70 | S: 70000 | R: 272.1491 | TR: 319.1759 | TF: 150 | LR: 150 | NR: 0 | D: 13.6 s | TD: 00.0 s | BR: 0.1663 | ALOSS: -18.5440 | CLOSS: 0.0169 | TLOSS: 0.0001 | TVAL: 0.0081 | AENT: -5.9928 | BCLOSS: 0.0000
| eval           | E: 70 | S: 70000 | R: 348.2343 | TR: 348.2343 | TS: 0.0000
Reward function is updated!! ACC: 0.9716666666666667
| train          | E: 71 | S: 71000 | R: 274.6109 | TR: 292.5573 | TF: 150 | LR: 150 | NR: 0 | D: 25.9 s | TD: 00.0 s | BR: 0.1483 | ALOSS: -18.7271 | CLOSS: 0.0204 | TLOSS: 0.0006 | TVAL: 0.0079 | AENT: -5.9214 | BCLOSS: 0.0000
| train          | E: 72 | S: 72000 | R: 238.4570 | TR: 330.6680 | TF: 200 | LR: 200 | NR: 0 | D: 13.5 s | TD: 00.0 s | BR: 0.1492 | ALOSS: -18.8925 | CLOSS: 0.0219 | TLOSS: 0.0003 | TVAL: 0.0076 | AENT: -5.9659 | BCLOSS: 0.0000
| train          | E: 73 | S: 73000 | R: 231.7415 | TR: 304.0812 | TF: 200 | LR: 200 | NR: 0 | D: 13.6 s | TD: 00.0 s | BR: 0.1506 | ALOSS: -19.0742 | CLOSS: 0.0221 | TLOSS: 0.0000 | TVAL: 0.0075 | AENT: -5.9971 | BCLOSS: 0.0000
| train          | E: 74 | S: 74000 | R: 252.1015 | TR: 319.2884 | TF: 200 | LR: 200 | NR: 0 | D: 16.3 s | TD: 00.0 s | BR: 0.1516 | ALOSS: -19.2572 | CLOSS: 0.0214 | TLOSS: 0.0000 | TVAL: 0.0075 | AENT: -5.9993 | BCLOSS: 0.0000
| train          | E: 75 | S: 75000 | R: 249.3637 | TR: 326.5819 | TF: 200 | LR: 200 | NR: 0 | D: 14.5 s | TD: 00.0 s | BR: 0.1534 | ALOSS: -19.4394 | CLOSS: 0.0222 | TLOSS: 0.0002 | TVAL: 0.0075 | AENT: -5.9795 | BCLOSS: 0.0000
| train          | E: 76 | S: 76000 | R: 262.5458 | TR: 361.5373 | TF: 200 | LR: 200 | NR: 0 | D: 13.7 s | TD: 00.0 s | BR: 0.1546 | ALOSS: -19.6153 | CLOSS: 0.0215 | TLOSS: -0.0000 | TVAL: 0.0074 | AENT: -6.0025 | BCLOSS: 0.0000
| train          | E: 77 | S: 77000 | R: 254.0868 | TR: 374.1989 | TF: 200 | LR: 200 | NR: 0 | D: 13.7 s | TD: 00.0 s | BR: 0.1558 | ALOSS: -19.7824 | CLOSS: 0.0217 | TLOSS: 0.0001 | TVAL: 0.0074 | AENT: -5.9858 | BCLOSS: 0.0000
| train          | E: 78 | S: 78000 | R: 259.1832 | TR: 361.4591 | TF: 200 | LR: 200 | NR: 0 | D: 13.6 s | TD: 00.0 s | BR: 0.1574 | ALOSS: -19.9493 | CLOSS: 0.0205 | TLOSS: -0.0000 | TVAL: 0.0074 | AENT: -6.0053 | BCLOSS: 0.0000
| train          | E: 79 | S: 79000 | R: 263.9654 | TR: 354.6961 | TF: 200 | LR: 200 | NR: 0 | D: 13.6 s | TD: 00.0 s | BR: 0.1588 | ALOSS: -20.1140 | CLOSS: 0.0205 | TLOSS: -0.0001 | TVAL: 0.0074 | AENT: -6.0122 | BCLOSS: 0.0000
| train          | E: 80 | S: 80000 | R: 269.6975 | TR: 399.3720 | TF: 200 | LR: 200 | NR: 0 | D: 13.6 s | TD: 00.0 s | BR: 0.1604 | ALOSS: -20.2791 | CLOSS: 0.0201 | TLOSS: -0.0002 | TVAL: 0.0075 | AENT: -6.0289 | BCLOSS: 0.0000
| eval           | E: 80 | S: 80000 | R: 308.5329 | TR: 308.5329 | TS: 0.0000
| train          | E: 81 | S: 81000 | R: 262.1991 | TR: 389.6515 | TF: 200 | LR: 200 | NR: 0 | D: 25.1 s | TD: 00.0 s | BR: 0.1617 | ALOSS: -20.4422 | CLOSS: 0.0202 | TLOSS: -0.0001 | TVAL: 0.0076 | AENT: -6.0092 | BCLOSS: 0.0000
| train          | E: 82 | S: 82000 | R: 270.4371 | TR: 421.1827 | TF: 200 | LR: 200 | NR: 0 | D: 13.3 s | TD: 00.0 s | BR: 0.1628 | ALOSS: -20.6032 | CLOSS: 0.0200 | TLOSS: -0.0000 | TVAL: 0.0077 | AENT: -6.0043 | BCLOSS: 0.0000
| train          | E: 83 | S: 83000 | R: 241.7040 | TR: 358.6049 | TF: 200 | LR: 200 | NR: 0 | D: 13.5 s | TD: 00.0 s | BR: 0.1633 | ALOSS: -20.7534 | CLOSS: 0.0196 | TLOSS: -0.0000 | TVAL: 0.0077 | AENT: -6.0039 | BCLOSS: 0.0000
| train          | E: 84 | S: 84000 | R: 248.3988 | TR: 384.8863 | TF: 200 | LR: 200 | NR: 0 | D: 13.6 s | TD: 00.0 s | BR: 0.1650 | ALOSS: -20.9090 | CLOSS: 0.0193 | TLOSS: 0.0001 | TVAL: 0.0077 | AENT: -5.9830 | BCLOSS: 0.0000
| train          | E: 85 | S: 85000 | R: 274.0496 | TR: 398.2552 | TF: 200 | LR: 200 | NR: 0 | D: 13.6 s | TD: 00.0 s | BR: 0.1655 | ALOSS: -21.0519 | CLOSS: 0.0192 | TLOSS: 0.0001 | TVAL: 0.0076 | AENT: -5.9872 | BCLOSS: 0.0000
| train          | E: 86 | S: 86000 | R: 229.1039 | TR: 321.7535 | TF: 200 | LR: 200 | NR: 0 | D: 13.6 s | TD: 00.0 s | BR: 0.1661 | ALOSS: -21.1828 | CLOSS: 0.0191 | TLOSS: 0.0001 | TVAL: 0.0075 | AENT: -5.9864 | BCLOSS: 0.0000
| train          | E: 87 | S: 87000 | R: 227.4125 | TR: 302.0672 | TF: 200 | LR: 200 | NR: 0 | D: 13.7 s | TD: 00.0 s | BR: 0.1677 | ALOSS: -21.3098 | CLOSS: 0.0192 | TLOSS: 0.0002 | TVAL: 0.0074 | AENT: -5.9765 | BCLOSS: 0.0000
| train          | E: 88 | S: 88000 | R: 241.5079 | TR: 380.5228 | TF: 200 | LR: 200 | NR: 0 | D: 13.6 s | TD: 00.0 s | BR: 0.1683 | ALOSS: -21.4342 | CLOSS: 0.0182 | TLOSS: 0.0001 | TVAL: 0.0074 | AENT: -5.9927 | BCLOSS: 0.0000
| train          | E: 89 | S: 89000 | R: 256.7837 | TR: 328.0952 | TF: 200 | LR: 200 | NR: 0 | D: 13.6 s | TD: 00.0 s | BR: 0.1689 | ALOSS: -21.5494 | CLOSS: 0.0183 | TLOSS: 0.0000 | TVAL: 0.0073 | AENT: -5.9936 | BCLOSS: 0.0000
| train          | E: 90 | S: 90000 | R: 228.9847 | TR: 316.7383 | TF: 200 | LR: 200 | NR: 0 | D: 13.6 s | TD: 00.0 s | BR: 0.1702 | ALOSS: -21.6634 | CLOSS: 0.0181 | TLOSS: 0.0001 | TVAL: 0.0073 | AENT: -5.9885 | BCLOSS: 0.0000
| eval           | E: 90 | S: 90000 | R: 388.8345 | TR: 388.8345 | TS: 0.0000
Reward function is updated!! ACC: 0.9773333333333333
| train          | E: 91 | S: 91000 | R: 256.1810 | TR: 327.2424 | TF: 200 | LR: 200 | NR: 0 | D: 26.0 s | TD: 00.0 s | BR: 0.1780 | ALOSS: -21.7899 | CLOSS: 0.0194 | TLOSS: 0.0001 | TVAL: 0.0072 | AENT: -5.9896 | BCLOSS: 0.0000
| train          | E: 92 | S: 92000 | R: 251.8722 | TR: 342.1829 | TF: 250 | LR: 250 | NR: 0 | D: 13.3 s | TD: 00.0 s | BR: 0.1792 | ALOSS: -21.9215 | CLOSS: 0.0182 | TLOSS: -0.0000 | TVAL: 0.0072 | AENT: -6.0010 | BCLOSS: 0.0000
| train          | E: 93 | S: 93000 | R: 275.6262 | TR: 406.7985 | TF: 250 | LR: 250 | NR: 0 | D: 13.6 s | TD: 00.0 s | BR: 0.1804 | ALOSS: -22.0558 | CLOSS: 0.0186 | TLOSS: -0.0000 | TVAL: 0.0072 | AENT: -6.0022 | BCLOSS: 0.0000
| train          | E: 94 | S: 94000 | R: 279.2326 | TR: 405.1836 | TF: 250 | LR: 250 | NR: 0 | D: 13.6 s | TD: 00.0 s | BR: 0.1810 | ALOSS: -22.1852 | CLOSS: 0.0182 | TLOSS: -0.0000 | TVAL: 0.0073 | AENT: -6.0055 | BCLOSS: 0.0000
| train          | E: 95 | S: 95000 | R: 250.1200 | TR: 355.5647 | TF: 250 | LR: 250 | NR: 0 | D: 13.6 s | TD: 00.0 s | BR: 0.1820 | ALOSS: -22.3164 | CLOSS: 0.0182 | TLOSS: -0.0001 | TVAL: 0.0073 | AENT: -6.0152 | BCLOSS: 0.0000
| train          | E: 96 | S: 96000 | R: 282.9730 | TR: 404.0169 | TF: 250 | LR: 250 | NR: 0 | D: 13.7 s | TD: 00.0 s | BR: 0.1827 | ALOSS: -22.4415 | CLOSS: 0.0190 | TLOSS: -0.0000 | TVAL: 0.0073 | AENT: -6.0033 | BCLOSS: 0.0000
| train          | E: 97 | S: 97000 | R: 254.8412 | TR: 392.9266 | TF: 250 | LR: 250 | NR: 0 | D: 13.7 s | TD: 00.0 s | BR: 0.1837 | ALOSS: -22.5693 | CLOSS: 0.0184 | TLOSS: -0.0000 | TVAL: 0.0073 | AENT: -6.0038 | BCLOSS: 0.0000
| train          | E: 98 | S: 98000 | R: 276.9454 | TR: 354.6383 | TF: 250 | LR: 250 | NR: 0 | D: 13.6 s | TD: 00.0 s | BR: 0.1847 | ALOSS: -22.6917 | CLOSS: 0.0187 | TLOSS: -0.0000 | TVAL: 0.0074 | AENT: -6.0066 | BCLOSS: 0.0000
| train          | E: 99 | S: 99000 | R: 271.8672 | TR: 333.7090 | TF: 250 | LR: 250 | NR: 0 | D: 13.6 s | TD: 00.0 s | BR: 0.1858 | ALOSS: -22.8151 | CLOSS: 0.0183 | TLOSS: -0.0000 | TVAL: 0.0074 | AENT: -6.0010 | BCLOSS: 0.0000
| train          | E: 100 | S: 100000 | R: 253.7312 | TR: 356.4325 | TF: 250 | LR: 250 | NR: 0 | D: 13.5 s | TD: 00.0 s | BR: 0.1861 | ALOSS: -22.9335 | CLOSS: 0.0185 | TLOSS: 0.0001 | TVAL: 0.0073 | AENT: -5.9830 | BCLOSS: 0.0000
| eval           | E: 100 | S: 100000 | R: 394.0852 | TR: 394.0852 | TS: 0.0000
| train          | E: 101 | S: 101000 | R: 255.4132 | TR: 360.9199 | TF: 250 | LR: 250 | NR: 0 | D: 25.3 s | TD: 00.0 s | BR: 0.1871 | ALOSS: -23.0538 | CLOSS: 0.0186 | TLOSS: 0.0001 | TVAL: 0.0073 | AENT: -5.9868 | BCLOSS: 0.0000
| train          | E: 102 | S: 102000 | R: 265.1696 | TR: 364.3254 | TF: 250 | LR: 250 | NR: 0 | D: 13.5 s | TD: 00.0 s | BR: 0.1879 | ALOSS: -23.1735 | CLOSS: 0.0185 | TLOSS: -0.0001 | TVAL: 0.0072 | AENT: -6.0075 | BCLOSS: 0.0000
| train          | E: 103 | S: 103000 | R: 275.3587 | TR: 410.7301 | TF: 250 | LR: 250 | NR: 0 | D: 13.7 s | TD: 00.0 s | BR: 0.1884 | ALOSS: -23.2917 | CLOSS: 0.0186 | TLOSS: -0.0000 | TVAL: 0.0073 | AENT: -6.0022 | BCLOSS: 0.0000
| train          | E: 104 | S: 104000 | R: 263.1753 | TR: 327.1881 | TF: 250 | LR: 250 | NR: 0 | D: 13.7 s | TD: 00.0 s | BR: 0.1893 | ALOSS: -23.4060 | CLOSS: 0.0187 | TLOSS: 0.0000 | TVAL: 0.0073 | AENT: -5.9946 | BCLOSS: 0.0000
| train          | E: 105 | S: 105000 | R: 284.4664 | TR: 416.3340 | TF: 250 | LR: 250 | NR: 0 | D: 13.6 s | TD: 00.0 s | BR: 0.1905 | ALOSS: -23.5235 | CLOSS: 0.0184 | TLOSS: 0.0000 | TVAL: 0.0073 | AENT: -5.9981 | BCLOSS: 0.0000
| train          | E: 106 | S: 106000 | R: 280.5249 | TR: 421.3769 | TF: 250 | LR: 250 | NR: 0 | D: 13.6 s | TD: 00.0 s | BR: 0.1910 | ALOSS: -23.6374 | CLOSS: 0.0182 | TLOSS: -0.0000 | TVAL: 0.0072 | AENT: -6.0013 | BCLOSS: 0.0000
| train          | E: 107 | S: 107000 | R: 264.2598 | TR: 417.6578 | TF: 250 | LR: 250 | NR: 0 | D: 13.6 s | TD: 00.0 s | BR: 0.1922 | ALOSS: -23.7503 | CLOSS: 0.0185 | TLOSS: 0.0000 | TVAL: 0.0072 | AENT: -5.9976 | BCLOSS: 0.0000
| train          | E: 108 | S: 108000 | R: 288.1768 | TR: 428.8481 | TF: 250 | LR: 250 | NR: 0 | D: 13.6 s | TD: 00.0 s | BR: 0.1924 | ALOSS: -23.8606 | CLOSS: 0.0183 | TLOSS: 0.0000 | TVAL: 0.0072 | AENT: -5.9978 | BCLOSS: 0.0000
| train          | E: 109 | S: 109000 | R: 280.5675 | TR: 408.6877 | TF: 250 | LR: 250 | NR: 0 | D: 13.7 s | TD: 00.0 s | BR: 0.1935 | ALOSS: -23.9753 | CLOSS: 0.0181 | TLOSS: -0.0001 | TVAL: 0.0073 | AENT: -6.0085 | BCLOSS: 0.0000
| train          | E: 110 | S: 110000 | R: 276.5261 | TR: 429.0884 | TF: 250 | LR: 250 | NR: 0 | D: 13.6 s | TD: 00.0 s | BR: 0.1942 | ALOSS: -24.0820 | CLOSS: 0.0182 | TLOSS: 0.0000 | TVAL: 0.0073 | AENT: -5.9995 | BCLOSS: 0.0000
| eval           | E: 110 | S: 110000 | R: 386.7370 | TR: 386.7370 | TS: 0.0000
Reward function is updated!! ACC: 0.9733333333333333
| train          | E: 111 | S: 111000 | R: 271.3600 | TR: 408.3523 | TF: 250 | LR: 250 | NR: 0 | D: 26.2 s | TD: 00.0 s | BR: 0.2024 | ALOSS: -24.2083 | CLOSS: 0.0194 | TLOSS: -0.0001 | TVAL: 0.0073 | AENT: -6.0118 | BCLOSS: 0.0000
| train          | E: 112 | S: 112000 | R: 302.0362 | TR: 382.4883 | TF: 300 | LR: 300 | NR: 0 | D: 13.4 s | TD: 00.0 s | BR: 0.2033 | ALOSS: -24.3395 | CLOSS: 0.0205 | TLOSS: -0.0000 | TVAL: 0.0073 | AENT: -6.0056 | BCLOSS: 0.0000
| train          | E: 113 | S: 113000 | R: 305.3843 | TR: 461.3002 | TF: 300 | LR: 300 | NR: 0 | D: 13.8 s | TD: 00.0 s | BR: 0.2043 | ALOSS: -24.4723 | CLOSS: 0.0216 | TLOSS: -0.0002 | TVAL: 0.0074 | AENT: -6.0204 | BCLOSS: 0.0000
| train          | E: 114 | S: 114000 | R: 304.8071 | TR: 421.9701 | TF: 300 | LR: 300 | NR: 0 | D: 13.7 s | TD: 00.0 s | BR: 0.2053 | ALOSS: -24.6053 | CLOSS: 0.0212 | TLOSS: -0.0001 | TVAL: 0.0075 | AENT: -6.0096 | BCLOSS: 0.0000
| train          | E: 115 | S: 115000 | R: 318.0630 | TR: 446.3156 | TF: 300 | LR: 300 | NR: 0 | D: 13.7 s | TD: 00.0 s | BR: 0.2060 | ALOSS: -24.7378 | CLOSS: 0.0211 | TLOSS: -0.0002 | TVAL: 0.0075 | AENT: -6.0207 | BCLOSS: 0.0000
| train          | E: 116 | S: 116000 | R: 294.1856 | TR: 368.8848 | TF: 300 | LR: 300 | NR: 0 | D: 13.6 s | TD: 00.0 s | BR: 0.2070 | ALOSS: -24.8659 | CLOSS: 0.0226 | TLOSS: -0.0000 | TVAL: 0.0076 | AENT: -6.0040 | BCLOSS: 0.0000
| train          | E: 117 | S: 117000 | R: 302.7231 | TR: 409.4741 | TF: 300 | LR: 300 | NR: 0 | D: 13.6 s | TD: 00.0 s | BR: 0.2077 | ALOSS: -24.9973 | CLOSS: 0.0217 | TLOSS: -0.0002 | TVAL: 0.0077 | AENT: -6.0206 | BCLOSS: 0.0000
| train          | E: 118 | S: 118000 | R: 306.0819 | TR: 460.2509 | TF: 300 | LR: 300 | NR: 0 | D: 13.6 s | TD: 00.0 s | BR: 0.2083 | ALOSS: -25.1313 | CLOSS: 0.0223 | TLOSS: -0.0001 | TVAL: 0.0078 | AENT: -6.0122 | BCLOSS: 0.0000
| train          | E: 119 | S: 119000 | R: 308.2474 | TR: 412.5977 | TF: 300 | LR: 300 | NR: 0 | D: 13.6 s | TD: 00.0 s | BR: 0.2095 | ALOSS: -25.2648 | CLOSS: 0.0220 | TLOSS: -0.0000 | TVAL: 0.0078 | AENT: -6.0035 | BCLOSS: 0.0000
| train          | E: 120 | S: 120000 | R: 310.1251 | TR: 419.4635 | TF: 300 | LR: 300 | NR: 0 | D: 13.6 s | TD: 00.0 s | BR: 0.2096 | ALOSS: -25.3878 | CLOSS: 0.0227 | TLOSS: -0.0000 | TVAL: 0.0078 | AENT: -6.0020 | BCLOSS: 0.0000
| eval           | E: 120 | S: 120000 | R: 348.0694 | TR: 348.0694 | TS: 0.0000
| train          | E: 121 | S: 121000 | R: 266.0250 | TR: 331.2201 | TF: 300 | LR: 300 | NR: 0 | D: 26.1 s | TD: 00.0 s | BR: 0.2107 | ALOSS: -25.5099 | CLOSS: 0.0227 | TLOSS: -0.0000 | TVAL: 0.0078 | AENT: -6.0050 | BCLOSS: 0.0000
| train          | E: 122 | S: 122000 | R: 290.3296 | TR: 369.2436 | TF: 300 | LR: 300 | NR: 0 | D: 14.3 s | TD: 00.0 s | BR: 0.2115 | ALOSS: -25.6308 | CLOSS: 0.0222 | TLOSS: -0.0000 | TVAL: 0.0079 | AENT: -6.0013 | BCLOSS: 0.0000
| train          | E: 123 | S: 123000 | R: 316.5763 | TR: 451.8749 | TF: 300 | LR: 300 | NR: 0 | D: 13.7 s | TD: 00.0 s | BR: 0.2123 | ALOSS: -25.7532 | CLOSS: 0.0224 | TLOSS: 0.0000 | TVAL: 0.0079 | AENT: -5.9973 | BCLOSS: 0.0000
| train          | E: 124 | S: 124000 | R: 330.6097 | TR: 445.3382 | TF: 300 | LR: 300 | NR: 0 | D: 13.6 s | TD: 00.0 s | BR: 0.2137 | ALOSS: -25.8734 | CLOSS: 0.0219 | TLOSS: 0.0000 | TVAL: 0.0078 | AENT: -5.9944 | BCLOSS: 0.0000
| train          | E: 125 | S: 125000 | R: 296.0936 | TR: 397.2052 | TF: 300 | LR: 300 | NR: 0 | D: 13.6 s | TD: 00.0 s | BR: 0.2140 | ALOSS: -25.9880 | CLOSS: 0.0220 | TLOSS: -0.0000 | TVAL: 0.0078 | AENT: -6.0063 | BCLOSS: 0.0000
| train          | E: 126 | S: 126000 | R: 302.3723 | TR: 368.9889 | TF: 300 | LR: 300 | NR: 0 | D: 13.6 s | TD: 00.0 s | BR: 0.2146 | ALOSS: -26.1002 | CLOSS: 0.0221 | TLOSS: -0.0001 | TVAL: 0.0079 | AENT: -6.0087 | BCLOSS: 0.0000
| train          | E: 127 | S: 127000 | R: 323.7927 | TR: 461.4243 | TF: 300 | LR: 300 | NR: 0 | D: 13.7 s | TD: 00.0 s | BR: 0.2154 | ALOSS: -26.2139 | CLOSS: 0.0214 | TLOSS: 0.0001 | TVAL: 0.0079 | AENT: -5.9927 | BCLOSS: 0.0000
| train          | E: 128 | S: 128000 | R: 323.9361 | TR: 446.3418 | TF: 300 | LR: 300 | NR: 0 | D: 13.6 s | TD: 00.0 s | BR: 0.2162 | ALOSS: -26.3252 | CLOSS: 0.0207 | TLOSS: -0.0001 | TVAL: 0.0079 | AENT: -6.0077 | BCLOSS: 0.0000
| train          | E: 129 | S: 129000 | R: 345.4492 | TR: 445.6782 | TF: 300 | LR: 300 | NR: 0 | D: 13.6 s | TD: 00.0 s | BR: 0.2174 | ALOSS: -26.4341 | CLOSS: 0.0216 | TLOSS: -0.0000 | TVAL: 0.0079 | AENT: -6.0026 | BCLOSS: 0.0000
| train          | E: 130 | S: 130000 | R: 319.1465 | TR: 433.9200 | TF: 300 | LR: 300 | NR: 0 | D: 13.6 s | TD: 00.0 s | BR: 0.2186 | ALOSS: -26.5466 | CLOSS: 0.0209 | TLOSS: 0.0000 | TVAL: 0.0079 | AENT: -5.9988 | BCLOSS: 0.0000
| eval           | E: 130 | S: 130000 | R: 439.7352 | TR: 439.7352 | TS: 0.0000
Reward function is updated!! ACC: 0.9733333333333333
| train          | E: 131 | S: 131000 | R: 324.4374 | TR: 483.5446 | TF: 300 | LR: 300 | NR: 0 | D: 26.2 s | TD: 00.0 s | BR: 0.2285 | ALOSS: -26.6646 | CLOSS: 0.0224 | TLOSS: 0.0003 | TVAL: 0.0078 | AENT: -5.9680 | BCLOSS: 0.0000
| train          | E: 132 | S: 132000 | R: 319.1968 | TR: 434.7294 | TF: 350 | LR: 350 | NR: 0 | D: 13.5 s | TD: 00.0 s | BR: 0.2294 | ALOSS: -26.7898 | CLOSS: 0.0235 | TLOSS: 0.0003 | TVAL: 0.0076 | AENT: -5.9649 | BCLOSS: 0.0000
| train          | E: 133 | S: 133000 | R: 310.3713 | TR: 422.3385 | TF: 350 | LR: 350 | NR: 0 | D: 13.7 s | TD: 00.0 s | BR: 0.2301 | ALOSS: -26.9140 | CLOSS: 0.0238 | TLOSS: 0.0001 | TVAL: 0.0075 | AENT: -5.9896 | BCLOSS: 0.0000
| train          | E: 134 | S: 134000 | R: 318.3311 | TR: 480.5050 | TF: 350 | LR: 350 | NR: 0 | D: 13.6 s | TD: 00.0 s | BR: 0.2308 | ALOSS: -27.0395 | CLOSS: 0.0238 | TLOSS: 0.0000 | TVAL: 0.0075 | AENT: -5.9976 | BCLOSS: 0.0000
| train          | E: 135 | S: 135000 | R: 307.4805 | TR: 438.2085 | TF: 350 | LR: 350 | NR: 0 | D: 13.6 s | TD: 00.0 s | BR: 0.2311 | ALOSS: -27.1621 | CLOSS: 0.0244 | TLOSS: 0.0001 | TVAL: 0.0075 | AENT: -5.9871 | BCLOSS: 0.0000
| train          | E: 136 | S: 136000 | R: 315.2031 | TR: 465.7422 | TF: 350 | LR: 350 | NR: 0 | D: 13.7 s | TD: 00.0 s | BR: 0.2317 | ALOSS: -27.2806 | CLOSS: 0.0243 | TLOSS: -0.0001 | TVAL: 0.0075 | AENT: -6.0192 | BCLOSS: 0.0000
| train          | E: 137 | S: 137000 | R: 312.9016 | TR: 486.2623 | TF: 350 | LR: 350 | NR: 0 | D: 13.7 s | TD: 00.0 s | BR: 0.2324 | ALOSS: -27.3903 | CLOSS: 0.0241 | TLOSS: 0.0000 | TVAL: 0.0075 | AENT: -5.9995 | BCLOSS: 0.0000
| train          | E: 138 | S: 138000 | R: 266.5949 | TR: 346.0601 | TF: 350 | LR: 350 | NR: 0 | D: 13.7 s | TD: 00.0 s | BR: 0.2328 | ALOSS: -27.5030 | CLOSS: 0.0239 | TLOSS: -0.0001 | TVAL: 0.0076 | AENT: -6.0138 | BCLOSS: 0.0000
| train          | E: 139 | S: 139000 | R: 316.6064 | TR: 466.8684 | TF: 350 | LR: 350 | NR: 0 | D: 13.6 s | TD: 00.0 s | BR: 0.2332 | ALOSS: -27.6082 | CLOSS: 0.0237 | TLOSS: -0.0002 | TVAL: 0.0076 | AENT: -6.0238 | BCLOSS: 0.0000
| train          | E: 140 | S: 140000 | R: 308.6767 | TR: 476.3669 | TF: 350 | LR: 350 | NR: 0 | D: 13.6 s | TD: 00.0 s | BR: 0.2337 | ALOSS: -27.7132 | CLOSS: 0.0235 | TLOSS: 0.0000 | TVAL: 0.0077 | AENT: -5.9999 | BCLOSS: 0.0000
| eval           | E: 140 | S: 140000 | R: 458.2479 | TR: 458.2479 | TS: 0.0000
| train          | E: 141 | S: 141000 | R: 296.6457 | TR: 387.9564 | TF: 350 | LR: 350 | NR: 0 | D: 25.5 s | TD: 00.0 s | BR: 0.2342 | ALOSS: -27.8122 | CLOSS: 0.0244 | TLOSS: -0.0000 | TVAL: 0.0077 | AENT: -6.0047 | BCLOSS: 0.0000
| train          | E: 142 | S: 142000 | R: 301.8262 | TR: 419.0249 | TF: 350 | LR: 350 | NR: 0 | D: 13.5 s | TD: 00.0 s | BR: 0.2344 | ALOSS: -27.9091 | CLOSS: 0.0238 | TLOSS: -0.0000 | TVAL: 0.0077 | AENT: -6.0026 | BCLOSS: 0.0000
| train          | E: 143 | S: 143000 | R: 294.8562 | TR: 378.3136 | TF: 350 | LR: 350 | NR: 0 | D: 13.6 s | TD: 00.0 s | BR: 0.2353 | ALOSS: -28.0091 | CLOSS: 0.0241 | TLOSS: -0.0000 | TVAL: 0.0078 | AENT: -6.0025 | BCLOSS: 0.0000
| train          | E: 144 | S: 144000 | R: 320.2004 | TR: 459.8470 | TF: 350 | LR: 350 | NR: 0 | D: 13.6 s | TD: 00.0 s | BR: 0.2361 | ALOSS: -28.1085 | CLOSS: 0.0236 | TLOSS: -0.0000 | TVAL: 0.0078 | AENT: -6.0007 | BCLOSS: 0.0000
| train          | E: 145 | S: 145000 | R: 326.6464 | TR: 472.0980 | TF: 350 | LR: 350 | NR: 0 | D: 13.6 s | TD: 00.0 s | BR: 0.2365 | ALOSS: -28.2051 | CLOSS: 0.0235 | TLOSS: -0.0000 | TVAL: 0.0078 | AENT: -6.0043 | BCLOSS: 0.0000
| train          | E: 146 | S: 146000 | R: 321.4722 | TR: 461.3509 | TF: 350 | LR: 350 | NR: 0 | D: 13.7 s | TD: 00.0 s | BR: 0.2368 | ALOSS: -28.2993 | CLOSS: 0.0235 | TLOSS: -0.0000 | TVAL: 0.0078 | AENT: -6.0033 | BCLOSS: 0.0000
| train          | E: 147 | S: 147000 | R: 311.9988 | TR: 382.6852 | TF: 350 | LR: 350 | NR: 0 | D: 13.7 s | TD: 00.0 s | BR: 0.2377 | ALOSS: -28.3928 | CLOSS: 0.0235 | TLOSS: -0.0000 | TVAL: 0.0078 | AENT: -6.0031 | BCLOSS: 0.0000
| train          | E: 148 | S: 148000 | R: 316.3352 | TR: 467.7461 | TF: 350 | LR: 350 | NR: 0 | D: 13.6 s | TD: 00.0 s | BR: 0.2383 | ALOSS: -28.4865 | CLOSS: 0.0239 | TLOSS: 0.0000 | TVAL: 0.0078 | AENT: -5.9969 | BCLOSS: 0.0000
| train          | E: 149 | S: 149000 | R: 330.4898 | TR: 463.7083 | TF: 350 | LR: 350 | NR: 0 | D: 13.7 s | TD: 00.0 s | BR: 0.2387 | ALOSS: -28.5773 | CLOSS: 0.0234 | TLOSS: -0.0001 | TVAL: 0.0078 | AENT: -6.0172 | BCLOSS: 0.0000
| train          | E: 150 | S: 150000 | R: 295.6390 | TR: 406.0111 | TF: 350 | LR: 350 | NR: 0 | D: 13.5 s | TD: 00.0 s | BR: 0.2388 | ALOSS: -28.6604 | CLOSS: 0.0237 | TLOSS: -0.0000 | TVAL: 0.0079 | AENT: -6.0014 | BCLOSS: 0.0000
| eval           | E: 150 | S: 150000 | R: 499.4632 | TR: 499.4632 | TS: 0.0000
Reward function is updated!! ACC: 0.9783333333333332
| train          | E: 151 | S: 151000 | R: 307.1988 | TR: 440.8064 | TF: 350 | LR: 350 | NR: 0 | D: 26.6 s | TD: 00.0 s | BR: 0.2427 | ALOSS: -28.7542 | CLOSS: 0.0274 | TLOSS: 0.0001 | TVAL: 0.0079 | AENT: -5.9863 | BCLOSS: 0.0000
| train          | E: 152 | S: 152000 | R: 386.3734 | TR: 528.3275 | TF: 400 | LR: 400 | NR: 0 | D: 13.5 s | TD: 00.0 s | BR: 0.2432 | ALOSS: -28.8503 | CLOSS: 0.0285 | TLOSS: -0.0002 | TVAL: 0.0079 | AENT: -6.0199 | BCLOSS: 0.0000
| train          | E: 153 | S: 153000 | R: 346.8365 | TR: 488.2823 | TF: 400 | LR: 400 | NR: 0 | D: 13.6 s | TD: 00.0 s | BR: 0.2441 | ALOSS: -28.9593 | CLOSS: 0.0297 | TLOSS: -0.0002 | TVAL: 0.0080 | AENT: -6.0193 | BCLOSS: 0.0000
| train          | E: 154 | S: 154000 | R: 341.3140 | TR: 471.8273 | TF: 400 | LR: 400 | NR: 0 | D: 13.6 s | TD: 00.0 s | BR: 0.2445 | ALOSS: -29.0736 | CLOSS: 0.0298 | TLOSS: -0.0003 | TVAL: 0.0081 | AENT: -6.0322 | BCLOSS: 0.0000
| train          | E: 155 | S: 155000 | R: 365.0794 | TR: 483.2725 | TF: 400 | LR: 400 | NR: 0 | D: 13.6 s | TD: 00.0 s | BR: 0.2458 | ALOSS: -29.1968 | CLOSS: 0.0314 | TLOSS: -0.0002 | TVAL: 0.0082 | AENT: -6.0183 | BCLOSS: 0.0000
| train          | E: 156 | S: 156000 | R: 385.1366 | TR: 532.2194 | TF: 400 | LR: 400 | NR: 0 | D: 13.6 s | TD: 00.0 s | BR: 0.2459 | ALOSS: -29.3213 | CLOSS: 0.0312 | TLOSS: -0.0004 | TVAL: 0.0084 | AENT: -6.0416 | BCLOSS: 0.0000
| train          | E: 157 | S: 157000 | R: 386.7458 | TR: 573.2597 | TF: 400 | LR: 400 | NR: 0 | D: 13.6 s | TD: 00.0 s | BR: 0.2472 | ALOSS: -29.4574 | CLOSS: 0.0323 | TLOSS: -0.0002 | TVAL: 0.0086 | AENT: -6.0277 | BCLOSS: 0.0000
| train          | E: 158 | S: 158000 | R: 366.6335 | TR: 504.7815 | TF: 400 | LR: 400 | NR: 0 | D: 13.8 s | TD: 00.0 s | BR: 0.2479 | ALOSS: -29.5913 | CLOSS: 0.0339 | TLOSS: -0.0002 | TVAL: 0.0088 | AENT: -6.0283 | BCLOSS: 0.0000
| train          | E: 159 | S: 159000 | R: 357.0501 | TR: 516.5976 | TF: 400 | LR: 400 | NR: 0 | D: 13.6 s | TD: 00.0 s | BR: 0.2489 | ALOSS: -29.7363 | CLOSS: 0.0341 | TLOSS: -0.0003 | TVAL: 0.0090 | AENT: -6.0326 | BCLOSS: 0.0000
| train          | E: 160 | S: 160000 | R: 392.1927 | TR: 580.2336 | TF: 400 | LR: 400 | NR: 0 | D: 13.6 s | TD: 00.0 s | BR: 0.2495 | ALOSS: -29.8761 | CLOSS: 0.0347 | TLOSS: -0.0002 | TVAL: 0.0091 | AENT: -6.0204 | BCLOSS: 0.0000
| eval           | E: 160 | S: 160000 | R: 566.9054 | TR: 566.9054 | TS: 0.0000
| train          | E: 161 | S: 161000 | R: 359.5192 | TR: 483.1526 | TF: 400 | LR: 400 | NR: 0 | D: 25.4 s | TD: 00.0 s | BR: 0.2503 | ALOSS: -30.0261 | CLOSS: 0.0346 | TLOSS: -0.0001 | TVAL: 0.0093 | AENT: -6.0123 | BCLOSS: 0.0000
| train          | E: 162 | S: 162000 | R: 363.1908 | TR: 527.3151 | TF: 400 | LR: 400 | NR: 0 | D: 13.6 s | TD: 00.0 s | BR: 0.2512 | ALOSS: -30.1735 | CLOSS: 0.0355 | TLOSS: -0.0001 | TVAL: 0.0093 | AENT: -6.0072 | BCLOSS: 0.0000
| train          | E: 163 | S: 163000 | R: 376.1107 | TR: 521.4758 | TF: 400 | LR: 400 | NR: 0 | D: 13.6 s | TD: 00.0 s | BR: 0.2519 | ALOSS: -30.3211 | CLOSS: 0.0353 | TLOSS: -0.0001 | TVAL: 0.0094 | AENT: -6.0106 | BCLOSS: 0.0000
| train          | E: 164 | S: 164000 | R: 401.9042 | TR: 569.0187 | TF: 400 | LR: 400 | NR: 0 | D: 13.6 s | TD: 00.0 s | BR: 0.2525 | ALOSS: -30.4702 | CLOSS: 0.0353 | TLOSS: -0.0000 | TVAL: 0.0094 | AENT: -6.0033 | BCLOSS: 0.0000
| train          | E: 165 | S: 165000 | R: 381.4951 | TR: 565.6760 | TF: 400 | LR: 400 | NR: 0 | D: 13.7 s | TD: 00.0 s | BR: 0.2539 | ALOSS: -30.6156 | CLOSS: 0.0348 | TLOSS: 0.0000 | TVAL: 0.0094 | AENT: -5.9991 | BCLOSS: 0.0000
| train          | E: 166 | S: 166000 | R: 377.8479 | TR: 542.7786 | TF: 400 | LR: 400 | NR: 0 | D: 13.6 s | TD: 00.0 s | BR: 0.2544 | ALOSS: -30.7585 | CLOSS: 0.0346 | TLOSS: 0.0000 | TVAL: 0.0094 | AENT: -5.9987 | BCLOSS: 0.0000
| train          | E: 167 | S: 167000 | R: 359.3134 | TR: 476.9441 | TF: 400 | LR: 400 | NR: 0 | D: 13.7 s | TD: 00.0 s | BR: 0.2550 | ALOSS: -30.9025 | CLOSS: 0.0347 | TLOSS: -0.0000 | TVAL: 0.0094 | AENT: -6.0029 | BCLOSS: 0.0000
| train          | E: 168 | S: 168000 | R: 389.9900 | TR: 547.5560 | TF: 400 | LR: 400 | NR: 0 | D: 13.6 s | TD: 00.0 s | BR: 0.2557 | ALOSS: -31.0392 | CLOSS: 0.0351 | TLOSS: 0.0000 | TVAL: 0.0094 | AENT: -5.9964 | BCLOSS: 0.0000
| train          | E: 169 | S: 169000 | R: 392.0166 | TR: 554.2361 | TF: 400 | LR: 400 | NR: 0 | D: 13.6 s | TD: 00.0 s | BR: 0.2566 | ALOSS: -31.1794 | CLOSS: 0.0335 | TLOSS: -0.0000 | TVAL: 0.0094 | AENT: -6.0049 | BCLOSS: 0.0000
| train          | E: 170 | S: 170000 | R: 369.3127 | TR: 521.9440 | TF: 400 | LR: 400 | NR: 0 | D: 13.6 s | TD: 00.0 s | BR: 0.2571 | ALOSS: -31.3155 | CLOSS: 0.0343 | TLOSS: 0.0001 | TVAL: 0.0094 | AENT: -5.9903 | BCLOSS: 0.0000
| eval           | E: 170 | S: 170000 | R: 554.7411 | TR: 554.7411 | TS: 0.0000
Reward function is updated!! ACC: 0.9718518518518519
| train          | E: 171 | S: 171000 | R: 381.8721 | TR: 576.5577 | TF: 400 | LR: 400 | NR: 0 | D: 26.7 s | TD: 00.0 s | BR: 0.2427 | ALOSS: -31.4124 | CLOSS: 0.0393 | TLOSS: 0.0002 | TVAL: 0.0093 | AENT: -5.9764 | BCLOSS: 0.0000
| train          | E: 172 | S: 172000 | R: 327.0663 | TR: 551.7323 | TF: 450 | LR: 450 | NR: 0 | D: 13.5 s | TD: 00.0 s | BR: 0.2436 | ALOSS: -31.5167 | CLOSS: 0.0393 | TLOSS: 0.0001 | TVAL: 0.0092 | AENT: -5.9941 | BCLOSS: 0.0000
| train          | E: 173 | S: 173000 | R: 385.1827 | TR: 588.8881 | TF: 450 | LR: 450 | NR: 0 | D: 13.7 s | TD: 00.0 s | BR: 0.2441 | ALOSS: -31.6119 | CLOSS: 0.0389 | TLOSS: -0.0000 | TVAL: 0.0092 | AENT: -6.0052 | BCLOSS: 0.0000
| train          | E: 174 | S: 174000 | R: 286.7817 | TR: 412.4287 | TF: 450 | LR: 450 | NR: 0 | D: 13.7 s | TD: 00.0 s | BR: 0.2449 | ALOSS: -31.7078 | CLOSS: 0.0391 | TLOSS: -0.0001 | TVAL: 0.0092 | AENT: -6.0098 | BCLOSS: 0.0000
| train          | E: 175 | S: 175000 | R: 392.1135 | TR: 649.6871 | TF: 450 | LR: 450 | NR: 0 | D: 13.8 s | TD: 00.0 s | BR: 0.2455 | ALOSS: -31.8016 | CLOSS: 0.0390 | TLOSS: -0.0001 | TVAL: 0.0093 | AENT: -6.0064 | BCLOSS: 0.0000
| train          | E: 176 | S: 176000 | R: 348.0571 | TR: 542.7756 | TF: 450 | LR: 450 | NR: 0 | D: 13.7 s | TD: 00.0 s | BR: 0.2458 | ALOSS: -31.8953 | CLOSS: 0.0395 | TLOSS: -0.0001 | TVAL: 0.0093 | AENT: -6.0098 | BCLOSS: 0.0000
| train          | E: 177 | S: 177000 | R: 366.7561 | TR: 597.7972 | TF: 450 | LR: 450 | NR: 0 | D: 13.6 s | TD: 00.0 s | BR: 0.2465 | ALOSS: -31.9893 | CLOSS: 0.0393 | TLOSS: 0.0000 | TVAL: 0.0094 | AENT: -5.9998 | BCLOSS: 0.0000
| train          | E: 178 | S: 178000 | R: 332.0019 | TR: 534.0574 | TF: 450 | LR: 450 | NR: 0 | D: 13.7 s | TD: 00.0 s | BR: 0.2470 | ALOSS: -32.0858 | CLOSS: 0.0405 | TLOSS: 0.0000 | TVAL: 0.0094 | AENT: -5.9977 | BCLOSS: 0.0000
| train          | E: 179 | S: 179000 | R: 363.5306 | TR: 577.1549 | TF: 450 | LR: 450 | NR: 0 | D: 13.7 s | TD: 00.0 s | BR: 0.2476 | ALOSS: -32.1824 | CLOSS: 0.0431 | TLOSS: 0.0001 | TVAL: 0.0093 | AENT: -5.9913 | BCLOSS: 0.0000
| train          | E: 180 | S: 180000 | R: 321.2980 | TR: 529.3941 | TF: 450 | LR: 450 | NR: 0 | D: 13.7 s | TD: 00.0 s | BR: 0.2478 | ALOSS: -32.2785 | CLOSS: 0.0429 | TLOSS: -0.0000 | TVAL: 0.0093 | AENT: -6.0017 | BCLOSS: 0.0000
| eval           | E: 180 | S: 180000 | R: 414.0972 | TR: 414.0972 | TS: 0.0000
| train          | E: 181 | S: 181000 | R: 288.7286 | TR: 445.8429 | TF: 450 | LR: 450 | NR: 0 | D: 25.3 s | TD: 00.0 s | BR: 0.2486 | ALOSS: -32.3696 | CLOSS: 0.0436 | TLOSS: -0.0000 | TVAL: 0.0093 | AENT: -6.0002 | BCLOSS: 0.0000
| train          | E: 182 | S: 182000 | R: 364.8068 | TR: 511.6937 | TF: 450 | LR: 450 | NR: 0 | D: 13.5 s | TD: 00.0 s | BR: 0.2488 | ALOSS: -32.4604 | CLOSS: 0.0451 | TLOSS: -0.0000 | TVAL: 0.0093 | AENT: -6.0035 | BCLOSS: 0.0000
| train          | E: 183 | S: 183000 | R: 357.4436 | TR: 536.7195 | TF: 450 | LR: 450 | NR: 0 | D: 13.6 s | TD: 00.0 s | BR: 0.2488 | ALOSS: -32.5613 | CLOSS: 0.0466 | TLOSS: 0.0001 | TVAL: 0.0093 | AENT: -5.9880 | BCLOSS: 0.0000
| train          | E: 184 | S: 184000 | R: 111.6862 | TR: 196.7584 | TF: 450 | LR: 450 | NR: 0 | D: 13.7 s | TD: 00.0 s | BR: 0.2483 | ALOSS: -32.6799 | CLOSS: 0.0497 | TLOSS: 0.0001 | TVAL: 0.0092 | AENT: -5.9893 | BCLOSS: 0.0000
| train          | E: 185 | S: 185000 | R: 164.6166 | TR: 275.6996 | TF: 450 | LR: 450 | NR: 0 | D: 13.7 s | TD: 00.0 s | BR: 0.2473 | ALOSS: -32.8022 | CLOSS: 0.0519 | TLOSS: 0.0000 | TVAL: 0.0092 | AENT: -5.9976 | BCLOSS: 0.0000
| train          | E: 186 | S: 186000 | R: 15.0295 | TR: 33.0243 | TF: 450 | LR: 450 | NR: 0 | D: 13.7 s | TD: 00.0 s | BR: 0.2463 | ALOSS: -32.9384 | CLOSS: 0.0551 | TLOSS: -0.0000 | TVAL: 0.0092 | AENT: -6.0018 | BCLOSS: 0.0000
| train          | E: 187 | S: 187000 | R: 8.0536 | TR: 32.0230 | TF: 450 | LR: 450 | NR: 0 | D: 13.7 s | TD: 00.0 s | BR: 0.2451 | ALOSS: -33.0613 | CLOSS: 0.0611 | TLOSS: -0.0001 | TVAL: 0.0092 | AENT: -6.0060 | BCLOSS: 0.0000
| train          | E: 188 | S: 188000 | R: 4.6859 | TR: 21.3788 | TF: 450 | LR: 450 | NR: 0 | D: 13.6 s | TD: 00.0 s | BR: 0.2437 | ALOSS: -33.2074 | CLOSS: 0.0696 | TLOSS: -0.0002 | TVAL: 0.0093 | AENT: -6.0217 | BCLOSS: 0.0000
| train          | E: 189 | S: 189000 | R: 20.8937 | TR: 31.1949 | TF: 450 | LR: 450 | NR: 0 | D: 13.6 s | TD: 00.0 s | BR: 0.2423 | ALOSS: -33.3745 | CLOSS: 0.0784 | TLOSS: 0.0002 | TVAL: 0.0093 | AENT: -5.9830 | BCLOSS: 0.0000
| train          | E: 190 | S: 190000 | R: 24.0980 | TR: 33.0706 | TF: 450 | LR: 450 | NR: 0 | D: 13.6 s | TD: 00.0 s | BR: 0.2415 | ALOSS: -33.5653 | CLOSS: 0.0903 | TLOSS: 0.0004 | TVAL: 0.0091 | AENT: -5.9526 | BCLOSS: 0.0000
| eval           | E: 190 | S: 190000 | R: 72.4027 | TR: 72.4027 | TS: 0.0000
Reward function is updated!! ACC: 0.9733333333333333
| train          | E: 191 | S: 191000 | R: 7.1672 | TR: 20.0156 | TF: 450 | LR: 450 | NR: 0 | D: 26.5 s | TD: 00.0 s | BR: 0.2361 | ALOSS: -33.7685 | CLOSS: 0.0983 | TLOSS: 0.0001 | TVAL: 0.0090 | AENT: -5.9878 | BCLOSS: 0.0000
| train          | E: 192 | S: 192000 | R: 28.5981 | TR: 50.7179 | TF: 500 | LR: 500 | NR: 0 | D: 13.2 s | TD: 00.0 s | BR: 0.2353 | ALOSS: -33.9751 | CLOSS: 0.0996 | TLOSS: 0.0002 | TVAL: 0.0089 | AENT: -5.9795 | BCLOSS: 0.0000
| train          | E: 193 | S: 193000 | R: 79.6354 | TR: 128.2972 | TF: 500 | LR: 500 | NR: 0 | D: 13.6 s | TD: 00.0 s | BR: 0.2345 | ALOSS: -34.1723 | CLOSS: 0.0969 | TLOSS: 0.0003 | TVAL: 0.0088 | AENT: -5.9711 | BCLOSS: 0.0000
| train          | E: 194 | S: 194000 | R: 7.9185 | TR: 16.3553 | TF: 500 | LR: 500 | NR: 0 | D: 13.6 s | TD: 00.0 s | BR: 0.2330 | ALOSS: -34.3356 | CLOSS: 0.0877 | TLOSS: 0.0006 | TVAL: 0.0085 | AENT: -5.9273 | BCLOSS: 0.0000
| train          | E: 195 | S: 195000 | R: 21.5969 | TR: 53.9713 | TF: 500 | LR: 500 | NR: 0 | D: 13.7 s | TD: 00.0 s | BR: 0.2321 | ALOSS: -34.4704 | CLOSS: 0.0828 | TLOSS: 0.0006 | TVAL: 0.0083 | AENT: -5.9244 | BCLOSS: 0.0000
| train          | E: 196 | S: 196000 | R: -2.1107 | TR: 32.9204 | TF: 500 | LR: 500 | NR: 0 | D: 13.6 s | TD: 00.0 s | BR: 0.2307 | ALOSS: -34.5732 | CLOSS: 0.0791 | TLOSS: 0.0005 | TVAL: 0.0080 | AENT: -5.9426 | BCLOSS: 0.0000
| train          | E: 197 | S: 197000 | R: -3.4575 | TR: 22.8170 | TF: 500 | LR: 500 | NR: 0 | D: 13.7 s | TD: 00.0 s | BR: 0.2298 | ALOSS: -34.6305 | CLOSS: 0.0812 | TLOSS: 0.0008 | TVAL: 0.0076 | AENT: -5.9012 | BCLOSS: 0.0000
| train          | E: 198 | S: 198000 | R: 96.4036 | TR: 36.9187 | TF: 500 | LR: 500 | NR: 0 | D: 13.6 s | TD: 00.0 s | BR: 0.2292 | ALOSS: -34.6524 | CLOSS: 0.0813 | TLOSS: 0.0005 | TVAL: 0.0073 | AENT: -5.9258 | BCLOSS: 0.0000
| train          | E: 199 | S: 199000 | R: 116.2463 | TR: 49.8164 | TF: 500 | LR: 500 | NR: 0 | D: 13.6 s | TD: 00.0 s | BR: 0.2287 | ALOSS: -34.6286 | CLOSS: 0.0815 | TLOSS: 0.0009 | TVAL: 0.0070 | AENT: -5.8774 | BCLOSS: 0.0000
| train          | E: 200 | S: 200000 | R: 189.4060 | TR: 144.5567 | TF: 500 | LR: 500 | NR: 0 | D: 13.7 s | TD: 00.0 s | BR: 0.2285 | ALOSS: -34.5683 | CLOSS: 0.0812 | TLOSS: 0.0002 | TVAL: 0.0068 | AENT: -5.9663 | BCLOSS: 0.0000
| eval           | E: 200 | S: 200000 | R: 242.9168 | TR: 242.9168 | TS: 0.0000
| train          | E: 201 | S: 201000 | R: 208.1676 | TR: 192.2306 | TF: 500 | LR: 500 | NR: 0 | D: 25.3 s | TD: 00.0 s | BR: 0.2289 | ALOSS: -34.4888 | CLOSS: 0.0809 | TLOSS: -0.0001 | TVAL: 0.0067 | AENT: -6.0128 | BCLOSS: 0.0000
| train          | E: 202 | S: 202000 | R: 255.6153 | TR: 288.1381 | TF: 500 | LR: 500 | NR: 0 | D: 13.6 s | TD: 00.0 s | BR: 0.2289 | ALOSS: -34.4113 | CLOSS: 0.0800 | TLOSS: -0.0005 | TVAL: 0.0069 | AENT: -6.0720 | BCLOSS: 0.0000
| train          | E: 203 | S: 203000 | R: 293.9870 | TR: 402.3729 | TF: 500 | LR: 500 | NR: 0 | D: 13.7 s | TD: 00.0 s | BR: 0.2291 | ALOSS: -34.3425 | CLOSS: 0.0799 | TLOSS: -0.0006 | TVAL: 0.0072 | AENT: -6.0857 | BCLOSS: 0.0000
| train          | E: 204 | S: 204000 | R: 293.1631 | TR: 407.5451 | TF: 500 | LR: 500 | NR: 0 | D: 13.7 s | TD: 00.0 s | BR: 0.2297 | ALOSS: -34.2880 | CLOSS: 0.0796 | TLOSS: -0.0004 | TVAL: 0.0075 | AENT: -6.0571 | BCLOSS: 0.0000
| train          | E: 205 | S: 205000 | R: 350.4712 | TR: 542.9393 | TF: 500 | LR: 500 | NR: 0 | D: 13.6 s | TD: 00.0 s | BR: 0.2300 | ALOSS: -34.2437 | CLOSS: 0.0800 | TLOSS: -0.0003 | TVAL: 0.0077 | AENT: -6.0332 | BCLOSS: 0.0000
| train          | E: 206 | S: 206000 | R: 386.5827 | TR: 585.9985 | TF: 500 | LR: 500 | NR: 0 | D: 13.5 s | TD: 00.0 s | BR: 0.2309 | ALOSS: -34.2271 | CLOSS: 0.0780 | TLOSS: -0.0002 | TVAL: 0.0078 | AENT: -6.0248 | BCLOSS: 0.0000
| train          | E: 207 | S: 207000 | R: 384.9633 | TR: 630.4104 | TF: 500 | LR: 500 | NR: 0 | D: 13.6 s | TD: 00.0 s | BR: 0.2318 | ALOSS: -34.2251 | CLOSS: 0.0784 | TLOSS: -0.0006 | TVAL: 0.0080 | AENT: -6.0703 | BCLOSS: 0.0000
| train          | E: 208 | S: 208000 | R: 394.5551 | TR: 669.4747 | TF: 500 | LR: 500 | NR: 0 | D: 13.6 s | TD: 00.0 s | BR: 0.2324 | ALOSS: -34.2376 | CLOSS: 0.0790 | TLOSS: -0.0004 | TVAL: 0.0083 | AENT: -6.0523 | BCLOSS: 0.0000
| train          | E: 209 | S: 209000 | R: 369.8197 | TR: 577.3609 | TF: 500 | LR: 500 | NR: 0 | D: 13.6 s | TD: 00.0 s | BR: 0.2333 | ALOSS: -34.2693 | CLOSS: 0.0783 | TLOSS: -0.0005 | TVAL: 0.0085 | AENT: -6.0532 | BCLOSS: 0.0000
| train          | E: 210 | S: 210000 | R: 412.3068 | TR: 676.7671 | TF: 500 | LR: 500 | NR: 0 | D: 13.7 s | TD: 00.0 s | BR: 0.2342 | ALOSS: -34.3224 | CLOSS: 0.0780 | TLOSS: -0.0005 | TVAL: 0.0089 | AENT: -6.0588 | BCLOSS: 0.0000
| eval           | E: 210 | S: 210000 | R: 696.1321 | TR: 696.1321 | TS: 0.0000
| train          | E: 211 | S: 211000 | R: 395.0832 | TR: 617.1440 | TF: 500 | LR: 500 | NR: 0 | D: 25.3 s | TD: 00.0 s | BR: 0.2349 | ALOSS: -34.3797 | CLOSS: 0.0763 | TLOSS: -0.0004 | TVAL: 0.0091 | AENT: -6.0454 | BCLOSS: 0.0000
| train          | E: 212 | S: 212000 | R: 417.6442 | TR: 696.6448 | TF: 500 | LR: 500 | NR: 0 | D: 13.5 s | TD: 00.0 s | BR: 0.2356 | ALOSS: -34.4532 | CLOSS: 0.0737 | TLOSS: -0.0002 | TVAL: 0.0093 | AENT: -6.0192 | BCLOSS: 0.0000
| train          | E: 213 | S: 213000 | R: 389.8225 | TR: 606.4323 | TF: 500 | LR: 500 | NR: 0 | D: 13.6 s | TD: 00.0 s | BR: 0.2366 | ALOSS: -34.5343 | CLOSS: 0.0712 | TLOSS: -0.0002 | TVAL: 0.0094 | AENT: -6.0160 | BCLOSS: 0.0000
| train          | E: 214 | S: 214000 | R: 418.3656 | TR: 719.5360 | TF: 500 | LR: 500 | NR: 0 | D: 13.7 s | TD: 00.0 s | BR: 0.2373 | ALOSS: -34.6185 | CLOSS: 0.0677 | TLOSS: 0.0000 | TVAL: 0.0095 | AENT: -5.9981 | BCLOSS: 0.0000
| train          | E: 215 | S: 215000 | R: 403.4675 | TR: 639.4083 | TF: 500 | LR: 500 | NR: 0 | D: 13.7 s | TD: 00.0 s | BR: 0.2381 | ALOSS: -34.6989 | CLOSS: 0.0651 | TLOSS: -0.0000 | TVAL: 0.0095 | AENT: -6.0036 | BCLOSS: 0.0000
| train          | E: 216 | S: 216000 | R: 429.3549 | TR: 681.4797 | TF: 500 | LR: 500 | NR: 0 | D: 13.6 s | TD: 00.0 s | BR: 0.2386 | ALOSS: -34.7746 | CLOSS: 0.0608 | TLOSS: 0.0001 | TVAL: 0.0095 | AENT: -5.9904 | BCLOSS: 0.0000
| train          | E: 217 | S: 217000 | R: 413.9391 | TR: 674.0010 | TF: 500 | LR: 500 | NR: 0 | D: 13.6 s | TD: 00.0 s | BR: 0.2395 | ALOSS: -34.8449 | CLOSS: 0.0585 | TLOSS: 0.0000 | TVAL: 0.0094 | AENT: -5.9980 | BCLOSS: 0.0000
| train          | E: 218 | S: 218000 | R: 331.6284 | TR: 530.6414 | TF: 500 | LR: 500 | NR: 0 | D: 13.6 s | TD: 00.0 s | BR: 0.2404 | ALOSS: -34.9160 | CLOSS: 0.0557 | TLOSS: 0.0001 | TVAL: 0.0094 | AENT: -5.9919 | BCLOSS: 0.0000
| train          | E: 219 | S: 219000 | R: 424.8967 | TR: 689.7763 | TF: 500 | LR: 500 | NR: 0 | D: 13.7 s | TD: 00.0 s | BR: 0.2411 | ALOSS: -34.9816 | CLOSS: 0.0522 | TLOSS: 0.0002 | TVAL: 0.0093 | AENT: -5.9809 | BCLOSS: 0.0000
| train          | E: 220 | S: 220000 | R: 432.4276 | TR: 629.4020 | TF: 500 | LR: 500 | NR: 0 | D: 13.6 s | TD: 00.0 s | BR: 0.2418 | ALOSS: -35.0519 | CLOSS: 0.0496 | TLOSS: -0.0000 | TVAL: 0.0092 | AENT: -6.0020 | BCLOSS: 0.0000
| eval           | E: 220 | S: 220000 | R: 671.0986 | TR: 671.0986 | TS: 0.0000
| train          | E: 221 | S: 221000 | R: 411.3650 | TR: 671.4804 | TF: 500 | LR: 500 | NR: 0 | D: 25.4 s | TD: 00.0 s | BR: 0.2428 | ALOSS: -35.1158 | CLOSS: 0.0474 | TLOSS: 0.0001 | TVAL: 0.0093 | AENT: -5.9920 | BCLOSS: 0.0000
| train          | E: 222 | S: 222000 | R: 433.3473 | TR: 659.4185 | TF: 500 | LR: 500 | NR: 0 | D: 13.6 s | TD: 00.0 s | BR: 0.2437 | ALOSS: -35.1748 | CLOSS: 0.0457 | TLOSS: 0.0000 | TVAL: 0.0092 | AENT: -5.9970 | BCLOSS: 0.0000
| train          | E: 223 | S: 223000 | R: 433.3281 | TR: 691.6784 | TF: 500 | LR: 500 | NR: 0 | D: 13.6 s | TD: 00.0 s | BR: 0.2444 | ALOSS: -35.2304 | CLOSS: 0.0436 | TLOSS: 0.0002 | TVAL: 0.0092 | AENT: -5.9809 | BCLOSS: 0.0000
| train          | E: 224 | S: 224000 | R: 426.8269 | TR: 643.1780 | TF: 500 | LR: 500 | NR: 0 | D: 13.6 s | TD: 00.0 s | BR: 0.2449 | ALOSS: -35.2842 | CLOSS: 0.0416 | TLOSS: -0.0000 | TVAL: 0.0091 | AENT: -6.0046 | BCLOSS: 0.0000
| train          | E: 225 | S: 225000 | R: 400.1625 | TR: 586.4061 | TF: 500 | LR: 500 | NR: 0 | D: 13.7 s | TD: 00.0 s | BR: 0.2456 | ALOSS: -35.3345 | CLOSS: 0.0399 | TLOSS: 0.0001 | TVAL: 0.0091 | AENT: -5.9900 | BCLOSS: 0.0000
| train          | E: 226 | S: 226000 | R: 405.7869 | TR: 629.0634 | TF: 500 | LR: 500 | NR: 0 | D: 13.6 s | TD: 00.0 s | BR: 0.2464 | ALOSS: -35.3815 | CLOSS: 0.0394 | TLOSS: 0.0001 | TVAL: 0.0090 | AENT: -5.9930 | BCLOSS: 0.0000
| train          | E: 227 | S: 227000 | R: 399.1448 | TR: 625.3581 | TF: 500 | LR: 500 | NR: 0 | D: 13.6 s | TD: 00.0 s | BR: 0.2469 | ALOSS: -35.4194 | CLOSS: 0.0385 | TLOSS: -0.0000 | TVAL: 0.0090 | AENT: -6.0054 | BCLOSS: 0.0000
| train          | E: 228 | S: 228000 | R: 372.1928 | TR: 598.7461 | TF: 500 | LR: 500 | NR: 0 | D: 13.7 s | TD: 00.0 s | BR: 0.2482 | ALOSS: -35.4641 | CLOSS: 0.0380 | TLOSS: -0.0000 | TVAL: 0.0090 | AENT: -6.0036 | BCLOSS: 0.0000
| train          | E: 229 | S: 229000 | R: 397.1461 | TR: 628.9177 | TF: 500 | LR: 500 | NR: 0 | D: 13.7 s | TD: 00.0 s | BR: 0.2484 | ALOSS: -35.4978 | CLOSS: 0.0374 | TLOSS: 0.0001 | TVAL: 0.0090 | AENT: -5.9890 | BCLOSS: 0.0000
| train          | E: 230 | S: 230000 | R: 416.7571 | TR: 654.8224 | TF: 500 | LR: 500 | NR: 0 | D: 13.6 s | TD: 00.0 s | BR: 0.2492 | ALOSS: -35.5413 | CLOSS: 0.0366 | TLOSS: -0.0001 | TVAL: 0.0090 | AENT: -6.0085 | BCLOSS: 0.0000
| eval           | E: 230 | S: 230000 | R: 673.4334 | TR: 673.4334 | TS: 0.0000
| train          | E: 231 | S: 231000 | R: 419.8391 | TR: 693.3325 | TF: 500 | LR: 500 | NR: 0 | D: 25.5 s | TD: 00.0 s | BR: 0.2501 | ALOSS: -35.5811 | CLOSS: 0.0364 | TLOSS: 0.0000 | TVAL: 0.0090 | AENT: -5.9957 | BCLOSS: 0.0000
| train          | E: 232 | S: 232000 | R: 426.8561 | TR: 680.3396 | TF: 500 | LR: 500 | NR: 0 | D: 13.6 s | TD: 00.0 s | BR: 0.2508 | ALOSS: -35.6179 | CLOSS: 0.0356 | TLOSS: -0.0000 | TVAL: 0.0090 | AENT: -6.0022 | BCLOSS: 0.0000
| train          | E: 233 | S: 233000 | R: 387.7260 | TR: 635.3639 | TF: 500 | LR: 500 | NR: 0 | D: 13.6 s | TD: 00.0 s | BR: 0.2515 | ALOSS: -35.6575 | CLOSS: 0.0358 | TLOSS: -0.0000 | TVAL: 0.0091 | AENT: -6.0007 | BCLOSS: 0.0000
| train          | E: 234 | S: 234000 | R: 429.8169 | TR: 720.9287 | TF: 500 | LR: 500 | NR: 0 | D: 13.6 s | TD: 00.0 s | BR: 0.2523 | ALOSS: -35.6941 | CLOSS: 0.0353 | TLOSS: 0.0001 | TVAL: 0.0090 | AENT: -5.9934 | BCLOSS: 0.0000
| train          | E: 235 | S: 235000 | R: 423.2070 | TR: 690.6419 | TF: 500 | LR: 500 | NR: 0 | D: 13.6 s | TD: 00.0 s | BR: 0.2529 | ALOSS: -35.7356 | CLOSS: 0.0350 | TLOSS: 0.0000 | TVAL: 0.0090 | AENT: -5.9999 | BCLOSS: 0.0000
| train          | E: 236 | S: 236000 | R: 432.1847 | TR: 702.2012 | TF: 500 | LR: 500 | NR: 0 | D: 13.6 s | TD: 00.0 s | BR: 0.2536 | ALOSS: -35.7773 | CLOSS: 0.0349 | TLOSS: -0.0001 | TVAL: 0.0090 | AENT: -6.0120 | BCLOSS: 0.0000
| train          | E: 237 | S: 237000 | R: 419.2136 | TR: 693.7356 | TF: 500 | LR: 500 | NR: 0 | D: 13.7 s | TD: 00.0 s | BR: 0.2542 | ALOSS: -35.8207 | CLOSS: 0.0341 | TLOSS: -0.0001 | TVAL: 0.0091 | AENT: -6.0084 | BCLOSS: 0.0000
| train          | E: 238 | S: 238000 | R: 395.4068 | TR: 649.3064 | TF: 500 | LR: 500 | NR: 0 | D: 13.5 s | TD: 00.0 s | BR: 0.2547 | ALOSS: -35.8559 | CLOSS: 0.0346 | TLOSS: 0.0001 | TVAL: 0.0091 | AENT: -5.9873 | BCLOSS: 0.0000
| train          | E: 239 | S: 239000 | R: 418.5547 | TR: 651.5864 | TF: 500 | LR: 500 | NR: 0 | D: 13.6 s | TD: 00.0 s | BR: 0.2556 | ALOSS: -35.8931 | CLOSS: 0.0339 | TLOSS: -0.0000 | TVAL: 0.0090 | AENT: -6.0027 | BCLOSS: 0.0000
| train          | E: 240 | S: 240000 | R: 418.1510 | TR: 624.6193 | TF: 500 | LR: 500 | NR: 0 | D: 13.7 s | TD: 00.0 s | BR: 0.2563 | ALOSS: -35.9282 | CLOSS: 0.0337 | TLOSS: -0.0000 | TVAL: 0.0091 | AENT: -6.0040 | BCLOSS: 0.0000
| eval           | E: 240 | S: 240000 | R: 674.3184 | TR: 674.3184 | TS: 0.0000
| train          | E: 241 | S: 241000 | R: 423.2810 | TR: 631.7331 | TF: 500 | LR: 500 | NR: 0 | D: 25.4 s | TD: 00.0 s | BR: 0.2567 | ALOSS: -35.9625 | CLOSS: 0.0339 | TLOSS: -0.0000 | TVAL: 0.0091 | AENT: -6.0041 | BCLOSS: 0.0000
| train          | E: 242 | S: 242000 | R: 450.3508 | TR: 696.0501 | TF: 500 | LR: 500 | NR: 0 | D: 13.5 s | TD: 00.0 s | BR: 0.2579 | ALOSS: -36.0052 | CLOSS: 0.0331 | TLOSS: -0.0000 | TVAL: 0.0091 | AENT: -6.0004 | BCLOSS: 0.0000
| train          | E: 243 | S: 243000 | R: 442.0609 | TR: 687.1719 | TF: 500 | LR: 500 | NR: 0 | D: 13.7 s | TD: 00.0 s | BR: 0.2584 | ALOSS: -36.0434 | CLOSS: 0.0332 | TLOSS: -0.0000 | TVAL: 0.0091 | AENT: -6.0050 | BCLOSS: 0.0000
| train          | E: 244 | S: 244000 | R: 438.0240 | TR: 694.2339 | TF: 500 | LR: 500 | NR: 0 | D: 13.7 s | TD: 00.0 s | BR: 0.2595 | ALOSS: -36.0881 | CLOSS: 0.0332 | TLOSS: -0.0000 | TVAL: 0.0091 | AENT: -6.0016 | BCLOSS: 0.0000
| train          | E: 245 | S: 245000 | R: 443.2305 | TR: 706.1094 | TF: 500 | LR: 500 | NR: 0 | D: 13.6 s | TD: 00.0 s | BR: 0.2598 | ALOSS: -36.1299 | CLOSS: 0.0328 | TLOSS: -0.0000 | TVAL: 0.0091 | AENT: -6.0040 | BCLOSS: 0.0000
| train          | E: 246 | S: 246000 | R: 443.1907 | TR: 675.1069 | TF: 500 | LR: 500 | NR: 0 | D: 13.7 s | TD: 00.0 s | BR: 0.2606 | ALOSS: -36.1735 | CLOSS: 0.0330 | TLOSS: 0.0000 | TVAL: 0.0092 | AENT: -5.9980 | BCLOSS: 0.0000
| train          | E: 247 | S: 247000 | R: 454.2447 | TR: 696.3646 | TF: 500 | LR: 500 | NR: 0 | D: 13.7 s | TD: 00.0 s | BR: 0.2617 | ALOSS: -36.2219 | CLOSS: 0.0321 | TLOSS: -0.0001 | TVAL: 0.0092 | AENT: -6.0131 | BCLOSS: 0.0000
| train          | E: 248 | S: 248000 | R: 446.3732 | TR: 717.5818 | TF: 500 | LR: 500 | NR: 0 | D: 13.7 s | TD: 00.0 s | BR: 0.2620 | ALOSS: -36.2629 | CLOSS: 0.0335 | TLOSS: 0.0000 | TVAL: 0.0092 | AENT: -5.9958 | BCLOSS: 0.0000
| train          | E: 249 | S: 249000 | R: 439.0450 | TR: 678.4987 | TF: 500 | LR: 500 | NR: 0 | D: 13.6 s | TD: 00.0 s | BR: 0.2628 | ALOSS: -36.3092 | CLOSS: 0.0329 | TLOSS: -0.0001 | TVAL: 0.0093 | AENT: -6.0067 | BCLOSS: 0.0000
| train          | E: 250 | S: 250000 | R: 463.3632 | TR: 704.4512 | TF: 500 | LR: 500 | NR: 0 | D: 13.6 s | TD: 00.0 s | BR: 0.2639 | ALOSS: -36.3652 | CLOSS: 0.0325 | TLOSS: -0.0001 | TVAL: 0.0093 | AENT: -6.0089 | BCLOSS: 0.0000
| eval           | E: 250 | S: 250000 | R: 640.5287 | TR: 640.5287 | TS: 0.0000
| train          | E: 251 | S: 251000 | R: 451.3410 | TR: 679.5601 | TF: 500 | LR: 500 | NR: 0 | D: 25.8 s | TD: 00.0 s | BR: 0.2645 | ALOSS: -36.4091 | CLOSS: 0.0336 | TLOSS: 0.0000 | TVAL: 0.0093 | AENT: -5.9980 | BCLOSS: 0.0000
| train          | E: 252 | S: 252000 | R: 447.0195 | TR: 706.4388 | TF: 500 | LR: 500 | NR: 0 | D: 13.7 s | TD: 00.0 s | BR: 0.2653 | ALOSS: -36.4658 | CLOSS: 0.0327 | TLOSS: -0.0001 | TVAL: 0.0093 | AENT: -6.0125 | BCLOSS: 0.0000
| train          | E: 253 | S: 253000 | R: 404.5209 | TR: 610.6569 | TF: 500 | LR: 500 | NR: 0 | D: 13.7 s | TD: 00.0 s | BR: 0.2659 | ALOSS: -36.5167 | CLOSS: 0.0346 | TLOSS: 0.0001 | TVAL: 0.0093 | AENT: -5.9897 | BCLOSS: 0.0000
| train          | E: 254 | S: 254000 | R: 388.0604 | TR: 563.8073 | TF: 500 | LR: 500 | NR: 0 | D: 13.7 s | TD: 00.0 s | BR: 0.2663 | ALOSS: -36.5676 | CLOSS: 0.0345 | TLOSS: 0.0001 | TVAL: 0.0093 | AENT: -5.9924 | BCLOSS: 0.0000
| train          | E: 255 | S: 255000 | R: 410.3550 | TR: 630.0979 | TF: 500 | LR: 500 | NR: 0 | D: 13.6 s | TD: 00.0 s | BR: 0.2669 | ALOSS: -36.6120 | CLOSS: 0.0348 | TLOSS: -0.0001 | TVAL: 0.0093 | AENT: -6.0093 | BCLOSS: 0.0000
| train          | E: 256 | S: 256000 | R: 411.3874 | TR: 620.9773 | TF: 500 | LR: 500 | NR: 0 | D: 13.6 s | TD: 00.0 s | BR: 0.2674 | ALOSS: -36.6555 | CLOSS: 0.0348 | TLOSS: -0.0000 | TVAL: 0.0093 | AENT: -6.0033 | BCLOSS: 0.0000
| train          | E: 257 | S: 257000 | R: 416.5268 | TR: 654.6569 | TF: 500 | LR: 500 | NR: 0 | D: 13.6 s | TD: 00.0 s | BR: 0.2680 | ALOSS: -36.6993 | CLOSS: 0.0350 | TLOSS: 0.0001 | TVAL: 0.0093 | AENT: -5.9906 | BCLOSS: 0.0000
| train          | E: 258 | S: 258000 | R: 456.7302 | TR: 717.6587 | TF: 500 | LR: 500 | NR: 0 | D: 13.7 s | TD: 00.0 s | BR: 0.2694 | ALOSS: -36.7539 | CLOSS: 0.0350 | TLOSS: -0.0001 | TVAL: 0.0093 | AENT: -6.0115 | BCLOSS: 0.0000
| train          | E: 259 | S: 259000 | R: 460.5971 | TR: 766.9455 | TF: 500 | LR: 500 | NR: 0 | D: 13.6 s | TD: 00.0 s | BR: 0.2695 | ALOSS: -36.8008 | CLOSS: 0.0350 | TLOSS: 0.0000 | TVAL: 0.0094 | AENT: -5.9985 | BCLOSS: 0.0000
| train          | E: 260 | S: 260000 | R: 419.4759 | TR: 639.6886 | TF: 500 | LR: 500 | NR: 0 | D: 13.6 s | TD: 00.0 s | BR: 0.2699 | ALOSS: -36.8516 | CLOSS: 0.0355 | TLOSS: -0.0001 | TVAL: 0.0094 | AENT: -6.0070 | BCLOSS: 0.0000
| eval           | E: 260 | S: 260000 | R: 797.9476 | TR: 797.9476 | TS: 0.0000
| train          | E: 261 | S: 261000 | R: 462.7778 | TR: 749.4493 | TF: 500 | LR: 500 | NR: 0 | D: 25.3 s | TD: 00.0 s | BR: 0.2707 | ALOSS: -36.9056 | CLOSS: 0.0348 | TLOSS: -0.0000 | TVAL: 0.0094 | AENT: -6.0012 | BCLOSS: 0.0000
| train          | E: 262 | S: 262000 | R: 474.5449 | TR: 722.3764 | TF: 500 | LR: 500 | NR: 0 | D: 13.5 s | TD: 00.0 s | BR: 0.2716 | ALOSS: -36.9658 | CLOSS: 0.0356 | TLOSS: -0.0001 | TVAL: 0.0094 | AENT: -6.0061 | BCLOSS: 0.0000
| train          | E: 263 | S: 263000 | R: 443.0463 | TR: 673.1308 | TF: 500 | LR: 500 | NR: 0 | D: 13.7 s | TD: 00.0 s | BR: 0.2722 | ALOSS: -37.0205 | CLOSS: 0.0354 | TLOSS: -0.0001 | TVAL: 0.0095 | AENT: -6.0067 | BCLOSS: 0.0000
| train          | E: 264 | S: 264000 | R: 470.1097 | TR: 767.9360 | TF: 500 | LR: 500 | NR: 0 | D: 13.6 s | TD: 00.0 s | BR: 0.2733 | ALOSS: -37.0868 | CLOSS: 0.0346 | TLOSS: -0.0000 | TVAL: 0.0095 | AENT: -6.0019 | BCLOSS: 0.0000
| train          | E: 265 | S: 265000 | R: 476.7567 | TR: 740.1611 | TF: 500 | LR: 500 | NR: 0 | D: 13.7 s | TD: 00.0 s | BR: 0.2738 | ALOSS: -37.1455 | CLOSS: 0.0353 | TLOSS: -0.0000 | TVAL: 0.0095 | AENT: -6.0032 | BCLOSS: 0.0000
| train          | E: 266 | S: 266000 | R: 478.0549 | TR: 709.7969 | TF: 500 | LR: 500 | NR: 0 | D: 13.7 s | TD: 00.0 s | BR: 0.2743 | ALOSS: -37.2026 | CLOSS: 0.0346 | TLOSS: -0.0001 | TVAL: 0.0096 | AENT: -6.0092 | BCLOSS: 0.0000
| train          | E: 267 | S: 267000 | R: 472.8806 | TR: 701.6818 | TF: 500 | LR: 500 | NR: 0 | D: 13.7 s | TD: 00.0 s | BR: 0.2753 | ALOSS: -37.2683 | CLOSS: 0.0353 | TLOSS: -0.0000 | TVAL: 0.0096 | AENT: -6.0021 | BCLOSS: 0.0000
| train          | E: 268 | S: 268000 | R: 456.7525 | TR: 665.3322 | TF: 500 | LR: 500 | NR: 0 | D: 13.7 s | TD: 00.0 s | BR: 0.2758 | ALOSS: -37.3315 | CLOSS: 0.0344 | TLOSS: 0.0000 | TVAL: 0.0096 | AENT: -5.9999 | BCLOSS: 0.0000
| train          | E: 269 | S: 269000 | R: 469.3952 | TR: 698.6264 | TF: 500 | LR: 500 | NR: 0 | D: 13.7 s | TD: 00.0 s | BR: 0.2766 | ALOSS: -37.3952 | CLOSS: 0.0351 | TLOSS: -0.0000 | TVAL: 0.0096 | AENT: -6.0043 | BCLOSS: 0.0000
| train          | E: 270 | S: 270000 | R: 483.0753 | TR: 749.6651 | TF: 500 | LR: 500 | NR: 0 | D: 13.7 s | TD: 00.0 s | BR: 0.2773 | ALOSS: -37.4561 | CLOSS: 0.0348 | TLOSS: -0.0000 | TVAL: 0.0097 | AENT: -6.0029 | BCLOSS: 0.0000
| eval           | E: 270 | S: 270000 | R: 743.0303 | TR: 743.0303 | TS: 0.0000
| train          | E: 271 | S: 271000 | R: 459.4630 | TR: 711.4524 | TF: 500 | LR: 500 | NR: 0 | D: 25.2 s | TD: 00.0 s | BR: 0.2783 | ALOSS: -37.5214 | CLOSS: 0.0354 | TLOSS: -0.0000 | TVAL: 0.0096 | AENT: -6.0026 | BCLOSS: 0.0000
| train          | E: 272 | S: 272000 | R: 464.2330 | TR: 681.8161 | TF: 500 | LR: 500 | NR: 0 | D: 13.8 s | TD: 00.0 s | BR: 0.2791 | ALOSS: -37.5846 | CLOSS: 0.0347 | TLOSS: 0.0000 | TVAL: 0.0097 | AENT: -5.9986 | BCLOSS: 0.0000
| train          | E: 273 | S: 273000 | R: 478.2812 | TR: 686.8551 | TF: 500 | LR: 500 | NR: 0 | D: 13.6 s | TD: 00.0 s | BR: 0.2799 | ALOSS: -37.6487 | CLOSS: 0.0353 | TLOSS: -0.0001 | TVAL: 0.0097 | AENT: -6.0122 | BCLOSS: 0.0000
| train          | E: 274 | S: 274000 | R: 502.9691 | TR: 745.2936 | TF: 500 | LR: 500 | NR: 0 | D: 13.7 s | TD: 00.0 s | BR: 0.2804 | ALOSS: -37.7121 | CLOSS: 0.0350 | TLOSS: 0.0000 | TVAL: 0.0097 | AENT: -5.9975 | BCLOSS: 0.0000
| train          | E: 275 | S: 275000 | R: 480.6210 | TR: 721.7859 | TF: 500 | LR: 500 | NR: 0 | D: 13.7 s | TD: 00.0 s | BR: 0.2811 | ALOSS: -37.7780 | CLOSS: 0.0352 | TLOSS: -0.0001 | TVAL: 0.0098 | AENT: -6.0115 | BCLOSS: 0.0000
| train          | E: 276 | S: 276000 | R: 506.4437 | TR: 769.6214 | TF: 500 | LR: 500 | NR: 0 | D: 13.6 s | TD: 00.0 s | BR: 0.2820 | ALOSS: -37.8477 | CLOSS: 0.0347 | TLOSS: 0.0001 | TVAL: 0.0098 | AENT: -5.9934 | BCLOSS: 0.0000
| train          | E: 277 | S: 277000 | R: 499.0053 | TR: 751.9237 | TF: 500 | LR: 500 | NR: 0 | D: 13.7 s | TD: 00.0 s | BR: 0.2829 | ALOSS: -37.9148 | CLOSS: 0.0348 | TLOSS: -0.0000 | TVAL: 0.0098 | AENT: -6.0010 | BCLOSS: 0.0000
| train          | E: 278 | S: 278000 | R: 497.4162 | TR: 759.6051 | TF: 500 | LR: 500 | NR: 0 | D: 13.6 s | TD: 00.0 s | BR: 0.2835 | ALOSS: -37.9798 | CLOSS: 0.0353 | TLOSS: -0.0001 | TVAL: 0.0098 | AENT: -6.0081 | BCLOSS: 0.0000
| train          | E: 279 | S: 279000 | R: 483.8544 | TR: 760.6578 | TF: 500 | LR: 500 | NR: 0 | D: 13.6 s | TD: 00.0 s | BR: 0.2844 | ALOSS: -38.0539 | CLOSS: 0.0352 | TLOSS: -0.0000 | TVAL: 0.0098 | AENT: -6.0045 | BCLOSS: 0.0000
| train          | E: 280 | S: 280000 | R: 484.9571 | TR: 763.5318 | TF: 500 | LR: 500 | NR: 0 | D: 13.6 s | TD: 00.0 s | BR: 0.2850 | ALOSS: -38.1224 | CLOSS: 0.0353 | TLOSS: -0.0000 | TVAL: 0.0098 | AENT: -6.0015 | BCLOSS: 0.0000
| eval           | E: 280 | S: 280000 | R: 728.3800 | TR: 728.3800 | TS: 0.0000
| train          | E: 281 | S: 281000 | R: 464.4038 | TR: 701.4411 | TF: 500 | LR: 500 | NR: 0 | D: 25.1 s | TD: 00.0 s | BR: 0.2860 | ALOSS: -38.1973 | CLOSS: 0.0355 | TLOSS: -0.0000 | TVAL: 0.0098 | AENT: -6.0046 | BCLOSS: 0.0000
| train          | E: 282 | S: 282000 | R: 473.1594 | TR: 733.7265 | TF: 500 | LR: 500 | NR: 0 | D: 13.6 s | TD: 00.0 s | BR: 0.2861 | ALOSS: -38.2586 | CLOSS: 0.0361 | TLOSS: -0.0000 | TVAL: 0.0099 | AENT: -6.0029 | BCLOSS: 0.0000
| train          | E: 283 | S: 283000 | R: 475.3443 | TR: 652.3117 | TF: 500 | LR: 500 | NR: 0 | D: 13.7 s | TD: 00.0 s | BR: 0.2868 | ALOSS: -38.3305 | CLOSS: 0.0354 | TLOSS: -0.0000 | TVAL: 0.0099 | AENT: -6.0024 | BCLOSS: 0.0000
| train          | E: 284 | S: 284000 | R: 476.6548 | TR: 712.8115 | TF: 500 | LR: 500 | NR: 0 | D: 13.7 s | TD: 00.0 s | BR: 0.2878 | ALOSS: -38.4013 | CLOSS: 0.0362 | TLOSS: 0.0000 | TVAL: 0.0099 | AENT: -5.9969 | BCLOSS: 0.0000
| train          | E: 285 | S: 285000 | R: 499.0362 | TR: 763.1143 | TF: 500 | LR: 500 | NR: 0 | D: 13.6 s | TD: 00.0 s | BR: 0.2887 | ALOSS: -38.4711 | CLOSS: 0.0361 | TLOSS: 0.0000 | TVAL: 0.0099 | AENT: -5.9972 | BCLOSS: 0.0000
| train          | E: 286 | S: 286000 | R: 481.0868 | TR: 710.9924 | TF: 500 | LR: 500 | NR: 0 | D: 13.7 s | TD: 00.0 s | BR: 0.2888 | ALOSS: -38.5345 | CLOSS: 0.0360 | TLOSS: 0.0000 | TVAL: 0.0099 | AENT: -5.9995 | BCLOSS: 0.0000
| train          | E: 287 | S: 287000 | R: 505.0200 | TR: 766.7327 | TF: 500 | LR: 500 | NR: 0 | D: 13.7 s | TD: 00.0 s | BR: 0.2895 | ALOSS: -38.6052 | CLOSS: 0.0361 | TLOSS: -0.0001 | TVAL: 0.0099 | AENT: -6.0069 | BCLOSS: 0.0000
| train          | E: 288 | S: 288000 | R: 526.3617 | TR: 820.4220 | TF: 500 | LR: 500 | NR: 0 | D: 13.6 s | TD: 00.0 s | BR: 0.2905 | ALOSS: -38.6715 | CLOSS: 0.0362 | TLOSS: -0.0001 | TVAL: 0.0100 | AENT: -6.0085 | BCLOSS: 0.0000
| train          | E: 289 | S: 289000 | R: 486.4465 | TR: 737.6268 | TF: 500 | LR: 500 | NR: 0 | D: 13.6 s | TD: 00.0 s | BR: 0.2916 | ALOSS: -38.7371 | CLOSS: 0.0364 | TLOSS: 0.0001 | TVAL: 0.0100 | AENT: -5.9926 | BCLOSS: 0.0000
| train          | E: 290 | S: 290000 | R: 468.6592 | TR: 689.0718 | TF: 500 | LR: 500 | NR: 0 | D: 13.6 s | TD: 00.0 s | BR: 0.2921 | ALOSS: -38.7991 | CLOSS: 0.0366 | TLOSS: -0.0002 | TVAL: 0.0100 | AENT: -6.0228 | BCLOSS: 0.0000
| eval           | E: 290 | S: 290000 | R: 764.8063 | TR: 764.8063 | TS: 0.0000
| train          | E: 291 | S: 291000 | R: 531.8360 | TR: 817.3359 | TF: 500 | LR: 500 | NR: 0 | D: 25.7 s | TD: 00.0 s | BR: 0.2925 | ALOSS: -38.8567 | CLOSS: 0.0368 | TLOSS: -0.0000 | TVAL: 0.0101 | AENT: -6.0015 | BCLOSS: 0.0000
| train          | E: 292 | S: 292000 | R: 446.4907 | TR: 655.3638 | TF: 500 | LR: 500 | NR: 0 | D: 13.6 s | TD: 00.0 s | BR: 0.2931 | ALOSS: -38.9167 | CLOSS: 0.0370 | TLOSS: 0.0001 | TVAL: 0.0101 | AENT: -5.9947 | BCLOSS: 0.0000
| train          | E: 293 | S: 293000 | R: 517.7694 | TR: 803.8184 | TF: 500 | LR: 500 | NR: 0 | D: 13.7 s | TD: 00.0 s | BR: 0.2939 | ALOSS: -38.9812 | CLOSS: 0.0373 | TLOSS: -0.0002 | TVAL: 0.0101 | AENT: -6.0175 | BCLOSS: 0.0000
| train          | E: 294 | S: 294000 | R: 463.9747 | TR: 703.1803 | TF: 500 | LR: 500 | NR: 0 | D: 13.7 s | TD: 00.0 s | BR: 0.2948 | ALOSS: -39.0519 | CLOSS: 0.0372 | TLOSS: -0.0001 | TVAL: 0.0102 | AENT: -6.0050 | BCLOSS: 0.0000
| train          | E: 295 | S: 295000 | R: 487.7258 | TR: 733.1036 | TF: 500 | LR: 500 | NR: 0 | D: 13.7 s | TD: 00.0 s | BR: 0.2955 | ALOSS: -39.1156 | CLOSS: 0.0376 | TLOSS: 0.0000 | TVAL: 0.0102 | AENT: -5.9994 | BCLOSS: 0.0000
| train          | E: 296 | S: 296000 | R: 513.8658 | TR: 775.8361 | TF: 500 | LR: 500 | NR: 0 | D: 13.6 s | TD: 00.0 s | BR: 0.2960 | ALOSS: -39.1801 | CLOSS: 0.0374 | TLOSS: 0.0000 | TVAL: 0.0102 | AENT: -5.9971 | BCLOSS: 0.0000
| train          | E: 297 | S: 297000 | R: 500.0155 | TR: 796.0348 | TF: 500 | LR: 500 | NR: 0 | D: 13.7 s | TD: 00.0 s | BR: 0.2969 | ALOSS: -39.2456 | CLOSS: 0.0379 | TLOSS: -0.0002 | TVAL: 0.0102 | AENT: -6.0152 | BCLOSS: 0.0000
| train          | E: 298 | S: 298000 | R: 449.4084 | TR: 672.5356 | TF: 500 | LR: 500 | NR: 0 | D: 13.6 s | TD: 00.0 s | BR: 0.2971 | ALOSS: -39.3070 | CLOSS: 0.0373 | TLOSS: -0.0000 | TVAL: 0.0103 | AENT: -6.0024 | BCLOSS: 0.0000
| train          | E: 299 | S: 299000 | R: 532.3622 | TR: 792.8191 | TF: 500 | LR: 500 | NR: 0 | D: 13.6 s | TD: 00.0 s | BR: 0.2978 | ALOSS: -39.3726 | CLOSS: 0.0384 | TLOSS: 0.0000 | TVAL: 0.0103 | AENT: -5.9976 | BCLOSS: 0.0000
| train          | E: 300 | S: 300000 | R: 496.2892 | TR: 745.4226 | TF: 500 | LR: 500 | NR: 0 | D: 13.6 s | TD: 00.0 s | BR: 0.2984 | ALOSS: -39.4361 | CLOSS: 0.0382 | TLOSS: -0.0001 | TVAL: 0.0103 | AENT: -6.0056 | BCLOSS: 0.0000
| eval           | E: 300 | S: 300000 | R: 835.3858 | TR: 835.3858 | TS: 0.0000
| train          | E: 301 | S: 301000 | R: 507.0448 | TR: 775.7236 | TF: 500 | LR: 500 | NR: 0 | D: 24.7 s | TD: 00.0 s | BR: 0.2991 | ALOSS: -39.5053 | CLOSS: 0.0379 | TLOSS: 0.0000 | TVAL: 0.0103 | AENT: -5.9960 | BCLOSS: 0.0000
| train          | E: 302 | S: 302000 | R: 545.5924 | TR: 845.6689 | TF: 500 | LR: 500 | NR: 0 | D: 13.3 s | TD: 00.0 s | BR: 0.3002 | ALOSS: -39.5737 | CLOSS: 0.0372 | TLOSS: -0.0000 | TVAL: 0.0103 | AENT: -6.0022 | BCLOSS: 0.0000
| train          | E: 303 | S: 303000 | R: 538.1714 | TR: 840.8671 | TF: 500 | LR: 500 | NR: 0 | D: 13.7 s | TD: 00.0 s | BR: 0.3013 | ALOSS: -39.6455 | CLOSS: 0.0375 | TLOSS: -0.0000 | TVAL: 0.0104 | AENT: -6.0029 | BCLOSS: 0.0000
| train          | E: 304 | S: 304000 | R: 548.0575 | TR: 855.6340 | TF: 500 | LR: 500 | NR: 0 | D: 13.6 s | TD: 00.0 s | BR: 0.3022 | ALOSS: -39.7187 | CLOSS: 0.0375 | TLOSS: 0.0000 | TVAL: 0.0104 | AENT: -5.9990 | BCLOSS: 0.0000
| train          | E: 305 | S: 305000 | R: 534.5782 | TR: 823.6744 | TF: 500 | LR: 500 | NR: 0 | D: 13.6 s | TD: 00.0 s | BR: 0.3025 | ALOSS: -39.7843 | CLOSS: 0.0376 | TLOSS: -0.0001 | TVAL: 0.0104 | AENT: -6.0063 | BCLOSS: 0.0000
| train          | E: 306 | S: 306000 | R: 523.0098 | TR: 800.2620 | TF: 500 | LR: 500 | NR: 0 | D: 13.7 s | TD: 00.0 s | BR: 0.3031 | ALOSS: -39.8551 | CLOSS: 0.0370 | TLOSS: 0.0001 | TVAL: 0.0104 | AENT: -5.9946 | BCLOSS: 0.0000
| train          | E: 307 | S: 307000 | R: 515.5128 | TR: 809.9393 | TF: 500 | LR: 500 | NR: 0 | D: 13.7 s | TD: 00.0 s | BR: 0.3039 | ALOSS: -39.9261 | CLOSS: 0.0369 | TLOSS: -0.0000 | TVAL: 0.0104 | AENT: -6.0001 | BCLOSS: 0.0000
| train          | E: 308 | S: 308000 | R: 539.4543 | TR: 841.9048 | TF: 500 | LR: 500 | NR: 0 | D: 13.6 s | TD: 00.0 s | BR: 0.3051 | ALOSS: -40.0044 | CLOSS: 0.0369 | TLOSS: -0.0001 | TVAL: 0.0104 | AENT: -6.0050 | BCLOSS: 0.0000
| train          | E: 309 | S: 309000 | R: 548.0468 | TR: 839.2203 | TF: 500 | LR: 500 | NR: 0 | D: 13.7 s | TD: 00.0 s | BR: 0.3054 | ALOSS: -40.0770 | CLOSS: 0.0367 | TLOSS: -0.0000 | TVAL: 0.0104 | AENT: -6.0016 | BCLOSS: 0.0000
| train          | E: 310 | S: 310000 | R: 530.0650 | TR: 819.9828 | TF: 500 | LR: 500 | NR: 0 | D: 13.7 s | TD: 00.0 s | BR: 0.3062 | ALOSS: -40.1487 | CLOSS: 0.0366 | TLOSS: -0.0001 | TVAL: 0.0104 | AENT: -6.0089 | BCLOSS: 0.0000
| eval           | E: 310 | S: 310000 | R: 820.6326 | TR: 820.6326 | TS: 0.0000
| train          | E: 311 | S: 311000 | R: 543.1511 | TR: 847.4467 | TF: 500 | LR: 500 | NR: 0 | D: 25.3 s | TD: 00.0 s | BR: 0.3067 | ALOSS: -40.2224 | CLOSS: 0.0371 | TLOSS: -0.0000 | TVAL: 0.0104 | AENT: -6.0023 | BCLOSS: 0.0000
| train          | E: 312 | S: 312000 | R: 487.1096 | TR: 747.1297 | TF: 500 | LR: 500 | NR: 0 | D: 13.5 s | TD: 00.0 s | BR: 0.3070 | ALOSS: -40.2904 | CLOSS: 0.0368 | TLOSS: -0.0001 | TVAL: 0.0105 | AENT: -6.0114 | BCLOSS: 0.0000
| train          | E: 313 | S: 313000 | R: 537.5479 | TR: 822.8120 | TF: 500 | LR: 500 | NR: 0 | D: 13.6 s | TD: 00.0 s | BR: 0.3081 | ALOSS: -40.3698 | CLOSS: 0.0367 | TLOSS: -0.0000 | TVAL: 0.0106 | AENT: -6.0012 | BCLOSS: 0.0000
| train          | E: 314 | S: 314000 | R: 561.7481 | TR: 880.2491 | TF: 500 | LR: 500 | NR: 0 | D: 13.7 s | TD: 00.0 s | BR: 0.3094 | ALOSS: -40.4523 | CLOSS: 0.0361 | TLOSS: 0.0000 | TVAL: 0.0106 | AENT: -5.9995 | BCLOSS: 0.0000
| train          | E: 315 | S: 315000 | R: 531.5963 | TR: 810.6531 | TF: 500 | LR: 500 | NR: 0 | D: 13.8 s | TD: 00.0 s | BR: 0.3100 | ALOSS: -40.5279 | CLOSS: 0.0370 | TLOSS: -0.0000 | TVAL: 0.0106 | AENT: -6.0036 | BCLOSS: 0.0000
| train          | E: 316 | S: 316000 | R: 538.8932 | TR: 839.5373 | TF: 500 | LR: 500 | NR: 0 | D: 13.6 s | TD: 00.0 s | BR: 0.3107 | ALOSS: -40.5995 | CLOSS: 0.0371 | TLOSS: -0.0002 | TVAL: 0.0107 | AENT: -6.0159 | BCLOSS: 0.0000
| train          | E: 317 | S: 317000 | R: 522.1925 | TR: 795.5377 | TF: 500 | LR: 500 | NR: 0 | D: 16.6 s | TD: 00.0 s | BR: 0.3115 | ALOSS: -40.6801 | CLOSS: 0.0367 | TLOSS: 0.0001 | TVAL: 0.0106 | AENT: -5.9872 | BCLOSS: 0.0000
| train          | E: 318 | S: 318000 | R: 544.8390 | TR: 842.5612 | TF: 500 | LR: 500 | NR: 0 | D: 14.2 s | TD: 00.0 s | BR: 0.3124 | ALOSS: -40.7584 | CLOSS: 0.0368 | TLOSS: -0.0000 | TVAL: 0.0106 | AENT: -6.0012 | BCLOSS: 0.0000
| train          | E: 319 | S: 319000 | R: 530.1412 | TR: 810.7821 | TF: 500 | LR: 500 | NR: 0 | D: 13.7 s | TD: 00.0 s | BR: 0.3128 | ALOSS: -40.8286 | CLOSS: 0.0372 | TLOSS: 0.0000 | TVAL: 0.0106 | AENT: -5.9967 | BCLOSS: 0.0000
| train          | E: 320 | S: 320000 | R: 495.4233 | TR: 762.6988 | TF: 500 | LR: 500 | NR: 0 | D: 13.7 s | TD: 00.0 s | BR: 0.3133 | ALOSS: -40.8938 | CLOSS: 0.0366 | TLOSS: -0.0001 | TVAL: 0.0106 | AENT: -6.0098 | BCLOSS: 0.0000
| eval           | E: 320 | S: 320000 | R: 855.6315 | TR: 855.6315 | TS: 0.0000
| train          | E: 321 | S: 321000 | R: 558.6674 | TR: 876.1198 | TF: 500 | LR: 500 | NR: 0 | D: 25.3 s | TD: 00.0 s | BR: 0.3144 | ALOSS: -40.9737 | CLOSS: 0.0367 | TLOSS: 0.0002 | TVAL: 0.0106 | AENT: -5.9831 | BCLOSS: 0.0000
| train          | E: 322 | S: 322000 | R: 541.1180 | TR: 836.7396 | TF: 500 | LR: 500 | NR: 0 | D: 13.4 s | TD: 00.0 s | BR: 0.3146 | ALOSS: -41.0365 | CLOSS: 0.0371 | TLOSS: -0.0001 | TVAL: 0.0106 | AENT: -6.0103 | BCLOSS: 0.0000
| train          | E: 323 | S: 323000 | R: 519.7459 | TR: 801.4678 | TF: 500 | LR: 500 | NR: 0 | D: 13.6 s | TD: 00.0 s | BR: 0.3156 | ALOSS: -41.1199 | CLOSS: 0.0364 | TLOSS: -0.0000 | TVAL: 0.0107 | AENT: -6.0021 | BCLOSS: 0.0000
| train          | E: 324 | S: 324000 | R: 555.2734 | TR: 868.0115 | TF: 500 | LR: 500 | NR: 0 | D: 13.7 s | TD: 00.0 s | BR: 0.3161 | ALOSS: -41.1875 | CLOSS: 0.0373 | TLOSS: -0.0002 | TVAL: 0.0107 | AENT: -6.0149 | BCLOSS: 0.0000
| train          | E: 325 | S: 325000 | R: 529.1253 | TR: 828.0944 | TF: 500 | LR: 500 | NR: 0 | D: 13.7 s | TD: 00.0 s | BR: 0.3167 | ALOSS: -41.2631 | CLOSS: 0.0363 | TLOSS: 0.0000 | TVAL: 0.0107 | AENT: -5.9982 | BCLOSS: 0.0000
| train          | E: 326 | S: 326000 | R: 519.7274 | TR: 796.0763 | TF: 500 | LR: 500 | NR: 0 | D: 13.6 s | TD: 00.0 s | BR: 0.3177 | ALOSS: -41.3392 | CLOSS: 0.0364 | TLOSS: 0.0000 | TVAL: 0.0107 | AENT: -5.9961 | BCLOSS: 0.0000
| train          | E: 327 | S: 327000 | R: 521.3411 | TR: 784.1390 | TF: 500 | LR: 500 | NR: 0 | D: 13.7 s | TD: 00.0 s | BR: 0.3180 | ALOSS: -41.4065 | CLOSS: 0.0369 | TLOSS: -0.0000 | TVAL: 0.0107 | AENT: -6.0003 | BCLOSS: 0.0000
| train          | E: 328 | S: 328000 | R: 547.8076 | TR: 845.7375 | TF: 500 | LR: 500 | NR: 0 | D: 13.7 s | TD: 00.0 s | BR: 0.3188 | ALOSS: -41.4739 | CLOSS: 0.0354 | TLOSS: 0.0000 | TVAL: 0.0107 | AENT: -5.9999 | BCLOSS: 0.0000
| train          | E: 329 | S: 329000 | R: 552.5137 | TR: 854.8648 | TF: 500 | LR: 500 | NR: 0 | D: 13.6 s | TD: 00.0 s | BR: 0.3194 | ALOSS: -41.5505 | CLOSS: 0.0358 | TLOSS: -0.0001 | TVAL: 0.0107 | AENT: -6.0079 | BCLOSS: 0.0000
| train          | E: 330 | S: 330000 | R: 522.9979 | TR: 814.7259 | TF: 500 | LR: 500 | NR: 0 | D: 13.6 s | TD: 00.0 s | BR: 0.3200 | ALOSS: -41.6227 | CLOSS: 0.0368 | TLOSS: 0.0001 | TVAL: 0.0107 | AENT: -5.9881 | BCLOSS: 0.0000
| eval           | E: 330 | S: 330000 | R: 875.0669 | TR: 875.0669 | TS: 0.0000
| train          | E: 331 | S: 331000 | R: 559.4262 | TR: 872.5698 | TF: 500 | LR: 500 | NR: 0 | D: 25.2 s | TD: 00.0 s | BR: 0.3211 | ALOSS: -41.7005 | CLOSS: 0.0356 | TLOSS: -0.0002 | TVAL: 0.0108 | AENT: -6.0155 | BCLOSS: 0.0000
| train          | E: 332 | S: 332000 | R: 539.5142 | TR: 840.6599 | TF: 500 | LR: 500 | NR: 0 | D: 13.4 s | TD: 00.0 s | BR: 0.3217 | ALOSS: -41.7713 | CLOSS: 0.0359 | TLOSS: 0.0001 | TVAL: 0.0108 | AENT: -5.9872 | BCLOSS: 0.0000
| train          | E: 333 | S: 333000 | R: 520.1112 | TR: 791.0748 | TF: 500 | LR: 500 | NR: 0 | D: 13.7 s | TD: 00.0 s | BR: 0.3221 | ALOSS: -41.8351 | CLOSS: 0.0360 | TLOSS: -0.0000 | TVAL: 0.0108 | AENT: -6.0039 | BCLOSS: 0.0000
| train          | E: 334 | S: 334000 | R: 526.3189 | TR: 807.9102 | TF: 500 | LR: 500 | NR: 0 | D: 13.7 s | TD: 00.0 s | BR: 0.3230 | ALOSS: -41.9096 | CLOSS: 0.0362 | TLOSS: -0.0001 | TVAL: 0.0107 | AENT: -6.0056 | BCLOSS: 0.0000
| train          | E: 335 | S: 335000 | R: 550.0660 | TR: 854.9696 | TF: 500 | LR: 500 | NR: 0 | D: 13.6 s | TD: 00.0 s | BR: 0.3234 | ALOSS: -41.9830 | CLOSS: 0.0356 | TLOSS: -0.0001 | TVAL: 0.0108 | AENT: -6.0112 | BCLOSS: 0.0000
| train          | E: 336 | S: 336000 | R: 559.4113 | TR: 874.3968 | TF: 500 | LR: 500 | NR: 0 | D: 13.7 s | TD: 00.0 s | BR: 0.3239 | ALOSS: -42.0510 | CLOSS: 0.0354 | TLOSS: 0.0001 | TVAL: 0.0108 | AENT: -5.9898 | BCLOSS: 0.0000
| train          | E: 337 | S: 337000 | R: 566.2581 | TR: 878.0033 | TF: 500 | LR: 500 | NR: 0 | D: 13.7 s | TD: 00.0 s | BR: 0.3251 | ALOSS: -42.1324 | CLOSS: 0.0356 | TLOSS: -0.0000 | TVAL: 0.0108 | AENT: -6.0016 | BCLOSS: 0.0000
| train          | E: 338 | S: 338000 | R: 550.4516 | TR: 869.9564 | TF: 500 | LR: 500 | NR: 0 | D: 13.7 s | TD: 00.0 s | BR: 0.3253 | ALOSS: -42.2005 | CLOSS: 0.0356 | TLOSS: 0.0000 | TVAL: 0.0108 | AENT: -5.9989 | BCLOSS: 0.0000
| train          | E: 339 | S: 339000 | R: 557.9879 | TR: 864.5801 | TF: 500 | LR: 500 | NR: 0 | D: 13.7 s | TD: 00.0 s | BR: 0.3263 | ALOSS: -42.2766 | CLOSS: 0.0351 | TLOSS: -0.0000 | TVAL: 0.0108 | AENT: -6.0026 | BCLOSS: 0.0000
| train          | E: 340 | S: 340000 | R: 559.1552 | TR: 869.8055 | TF: 500 | LR: 500 | NR: 0 | D: 13.7 s | TD: 00.0 s | BR: 0.3267 | ALOSS: -42.3434 | CLOSS: 0.0351 | TLOSS: 0.0000 | TVAL: 0.0108 | AENT: -5.9989 | BCLOSS: 0.0000
| eval           | E: 340 | S: 340000 | R: 882.2527 | TR: 882.2527 | TS: 0.0000
| train          | E: 341 | S: 341000 | R: 520.3092 | TR: 806.4813 | TF: 500 | LR: 500 | NR: 0 | D: 25.1 s | TD: 00.0 s | BR: 0.3272 | ALOSS: -42.4084 | CLOSS: 0.0353 | TLOSS: 0.0000 | TVAL: 0.0108 | AENT: -5.9982 | BCLOSS: 0.0000
| train          | E: 342 | S: 342000 | R: 567.8976 | TR: 884.2072 | TF: 500 | LR: 500 | NR: 0 | D: 13.4 s | TD: 00.0 s | BR: 0.3280 | ALOSS: -42.4847 | CLOSS: 0.0353 | TLOSS: -0.0000 | TVAL: 0.0108 | AENT: -6.0012 | BCLOSS: 0.0000
| train          | E: 343 | S: 343000 | R: 539.0468 | TR: 849.8685 | TF: 500 | LR: 500 | NR: 0 | D: 13.7 s | TD: 00.0 s | BR: 0.3287 | ALOSS: -42.5486 | CLOSS: 0.0350 | TLOSS: 0.0000 | TVAL: 0.0108 | AENT: -5.9955 | BCLOSS: 0.0000
| train          | E: 344 | S: 344000 | R: 541.0803 | TR: 845.4935 | TF: 500 | LR: 500 | NR: 0 | D: 13.7 s | TD: 00.0 s | BR: 0.3290 | ALOSS: -42.6128 | CLOSS: 0.0346 | TLOSS: -0.0001 | TVAL: 0.0108 | AENT: -6.0067 | BCLOSS: 0.0000
| train          | E: 345 | S: 345000 | R: 549.0978 | TR: 857.3179 | TF: 500 | LR: 500 | NR: 0 | D: 13.7 s | TD: 00.0 s | BR: 0.3301 | ALOSS: -42.6865 | CLOSS: 0.0351 | TLOSS: -0.0001 | TVAL: 0.0108 | AENT: -6.0056 | BCLOSS: 0.0000
| train          | E: 346 | S: 346000 | R: 563.6024 | TR: 878.0734 | TF: 500 | LR: 500 | NR: 0 | D: 13.6 s | TD: 00.0 s | BR: 0.3310 | ALOSS: -42.7593 | CLOSS: 0.0349 | TLOSS: 0.0001 | TVAL: 0.0108 | AENT: -5.9950 | BCLOSS: 0.0000
| train          | E: 347 | S: 347000 | R: 556.7280 | TR: 865.3090 | TF: 500 | LR: 500 | NR: 0 | D: 13.7 s | TD: 00.0 s | BR: 0.3313 | ALOSS: -42.8230 | CLOSS: 0.0349 | TLOSS: -0.0000 | TVAL: 0.0108 | AENT: -6.0028 | BCLOSS: 0.0000
| train          | E: 348 | S: 348000 | R: 566.4432 | TR: 881.7104 | TF: 500 | LR: 500 | NR: 0 | D: 13.7 s | TD: 00.0 s | BR: 0.3320 | ALOSS: -42.8903 | CLOSS: 0.0342 | TLOSS: -0.0002 | TVAL: 0.0109 | AENT: -6.0144 | BCLOSS: 0.0000
| train          | E: 349 | S: 349000 | R: 561.0023 | TR: 879.0678 | TF: 500 | LR: 500 | NR: 0 | D: 13.7 s | TD: 00.0 s | BR: 0.3326 | ALOSS: -42.9618 | CLOSS: 0.0347 | TLOSS: -0.0000 | TVAL: 0.0110 | AENT: -6.0019 | BCLOSS: 0.0000
| train          | E: 350 | S: 350000 | R: 551.7679 | TR: 861.6661 | TF: 500 | LR: 500 | NR: 0 | D: 13.7 s | TD: 00.0 s | BR: 0.3332 | ALOSS: -43.0297 | CLOSS: 0.0353 | TLOSS: 0.0000 | TVAL: 0.0109 | AENT: -5.9963 | BCLOSS: 0.0000
| eval           | E: 350 | S: 350000 | R: 870.4522 | TR: 870.4522 | TS: 0.0000
| train          | E: 351 | S: 351000 | R: 534.9660 | TR: 849.5521 | TF: 500 | LR: 500 | NR: 0 | D: 25.5 s | TD: 00.0 s | BR: 0.3340 | ALOSS: -43.0998 | CLOSS: 0.0346 | TLOSS: -0.0000 | TVAL: 0.0110 | AENT: -6.0030 | BCLOSS: 0.0000
| train          | E: 352 | S: 352000 | R: 533.6562 | TR: 836.1309 | TF: 500 | LR: 500 | NR: 0 | D: 13.5 s | TD: 00.0 s | BR: 0.3344 | ALOSS: -43.1596 | CLOSS: 0.0345 | TLOSS: -0.0000 | TVAL: 0.0110 | AENT: -6.0009 | BCLOSS: 0.0000
| train          | E: 353 | S: 353000 | R: 556.3215 | TR: 862.5408 | TF: 500 | LR: 500 | NR: 0 | D: 13.7 s | TD: 00.0 s | BR: 0.3349 | ALOSS: -43.2261 | CLOSS: 0.0349 | TLOSS: 0.0000 | TVAL: 0.0109 | AENT: -5.9998 | BCLOSS: 0.0000
| train          | E: 354 | S: 354000 | R: 553.8556 | TR: 839.6635 | TF: 500 | LR: 500 | NR: 0 | D: 13.7 s | TD: 00.0 s | BR: 0.3354 | ALOSS: -43.2931 | CLOSS: 0.0346 | TLOSS: 0.0000 | TVAL: 0.0110 | AENT: -5.9976 | BCLOSS: 0.0000
| train          | E: 355 | S: 355000 | R: 570.4999 | TR: 891.1801 | TF: 500 | LR: 500 | NR: 0 | D: 13.6 s | TD: 00.0 s | BR: 0.3367 | ALOSS: -43.3658 | CLOSS: 0.0350 | TLOSS: -0.0000 | TVAL: 0.0109 | AENT: -6.0002 | BCLOSS: 0.0000
| train          | E: 356 | S: 356000 | R: 561.3837 | TR: 872.7652 | TF: 500 | LR: 500 | NR: 0 | D: 13.6 s | TD: 00.0 s | BR: 0.3369 | ALOSS: -43.4258 | CLOSS: 0.0347 | TLOSS: -0.0000 | TVAL: 0.0109 | AENT: -6.0025 | BCLOSS: 0.0000
| train          | E: 357 | S: 357000 | R: 551.8870 | TR: 847.5941 | TF: 500 | LR: 500 | NR: 0 | D: 13.7 s | TD: 00.0 s | BR: 0.3374 | ALOSS: -43.4906 | CLOSS: 0.0352 | TLOSS: -0.0000 | TVAL: 0.0110 | AENT: -6.0001 | BCLOSS: 0.0000
| train          | E: 358 | S: 358000 | R: 507.8351 | TR: 772.6213 | TF: 500 | LR: 500 | NR: 0 | D: 13.7 s | TD: 00.0 s | BR: 0.3377 | ALOSS: -43.5521 | CLOSS: 0.0349 | TLOSS: 0.0000 | TVAL: 0.0109 | AENT: -5.9967 | BCLOSS: 0.0000
| train          | E: 359 | S: 359000 | R: 553.4762 | TR: 869.8280 | TF: 500 | LR: 500 | NR: 0 | D: 13.6 s | TD: 00.0 s | BR: 0.3390 | ALOSS: -43.6219 | CLOSS: 0.0352 | TLOSS: 0.0001 | TVAL: 0.0109 | AENT: -5.9887 | BCLOSS: 0.0000
| train          | E: 360 | S: 360000 | R: 552.7580 | TR: 862.4575 | TF: 500 | LR: 500 | NR: 0 | D: 13.6 s | TD: 00.0 s | BR: 0.3393 | ALOSS: -43.6821 | CLOSS: 0.0341 | TLOSS: -0.0002 | TVAL: 0.0109 | AENT: -6.0151 | BCLOSS: 0.0000
| eval           | E: 360 | S: 360000 | R: 878.7360 | TR: 878.7360 | TS: 0.0000
| train          | E: 361 | S: 361000 | R: 562.9433 | TR: 875.5721 | TF: 500 | LR: 500 | NR: 0 | D: 25.4 s | TD: 00.0 s | BR: 0.3398 | ALOSS: -43.7488 | CLOSS: 0.0348 | TLOSS: 0.0001 | TVAL: 0.0109 | AENT: -5.9899 | BCLOSS: 0.0000
| train          | E: 362 | S: 362000 | R: 547.7547 | TR: 853.8196 | TF: 500 | LR: 500 | NR: 0 | D: 13.7 s | TD: 00.0 s | BR: 0.3406 | ALOSS: -43.8121 | CLOSS: 0.0345 | TLOSS: 0.0001 | TVAL: 0.0109 | AENT: -5.9917 | BCLOSS: 0.0000
| train          | E: 363 | S: 363000 | R: 567.8678 | TR: 889.9627 | TF: 500 | LR: 500 | NR: 0 | D: 13.6 s | TD: 00.0 s | BR: 0.3412 | ALOSS: -43.8760 | CLOSS: 0.0345 | TLOSS: -0.0001 | TVAL: 0.0108 | AENT: -6.0076 | BCLOSS: 0.0000
| train          | E: 364 | S: 364000 | R: 558.0776 | TR: 868.8924 | TF: 500 | LR: 500 | NR: 0 | D: 13.7 s | TD: 00.0 s | BR: 0.3419 | ALOSS: -43.9343 | CLOSS: 0.0351 | TLOSS: -0.0001 | TVAL: 0.0109 | AENT: -6.0050 | BCLOSS: 0.0000
| train          | E: 365 | S: 365000 | R: 522.6678 | TR: 811.5180 | TF: 500 | LR: 500 | NR: 0 | D: 13.6 s | TD: 00.0 s | BR: 0.3423 | ALOSS: -43.9980 | CLOSS: 0.0349 | TLOSS: 0.0000 | TVAL: 0.0109 | AENT: -5.9982 | BCLOSS: 0.0000
| train          | E: 366 | S: 366000 | R: 576.5087 | TR: 884.5447 | TF: 500 | LR: 500 | NR: 0 | D: 13.6 s | TD: 00.0 s | BR: 0.3427 | ALOSS: -44.0526 | CLOSS: 0.0342 | TLOSS: 0.0001 | TVAL: 0.0109 | AENT: -5.9915 | BCLOSS: 0.0000
| train          | E: 367 | S: 367000 | R: 555.3112 | TR: 864.5882 | TF: 500 | LR: 500 | NR: 0 | D: 13.7 s | TD: 00.0 s | BR: 0.3434 | ALOSS: -44.1201 | CLOSS: 0.0346 | TLOSS: -0.0001 | TVAL: 0.0109 | AENT: -6.0111 | BCLOSS: 0.0000
| train          | E: 368 | S: 368000 | R: 561.9860 | TR: 874.7803 | TF: 500 | LR: 500 | NR: 0 | D: 13.6 s | TD: 00.0 s | BR: 0.3436 | ALOSS: -44.1715 | CLOSS: 0.0341 | TLOSS: 0.0000 | TVAL: 0.0109 | AENT: -5.9993 | BCLOSS: 0.0000
| train          | E: 369 | S: 369000 | R: 571.8160 | TR: 885.3168 | TF: 500 | LR: 500 | NR: 0 | D: 13.7 s | TD: 00.0 s | BR: 0.3448 | ALOSS: -44.2434 | CLOSS: 0.0341 | TLOSS: 0.0000 | TVAL: 0.0109 | AENT: -5.9962 | BCLOSS: 0.0000
| train          | E: 370 | S: 370000 | R: 555.7719 | TR: 859.8097 | TF: 500 | LR: 500 | NR: 0 | D: 13.6 s | TD: 00.0 s | BR: 0.3453 | ALOSS: -44.3067 | CLOSS: 0.0346 | TLOSS: 0.0001 | TVAL: 0.0109 | AENT: -5.9931 | BCLOSS: 0.0000
| eval           | E: 370 | S: 370000 | R: 883.8764 | TR: 883.8764 | TS: 0.0000
| train          | E: 371 | S: 371000 | R: 555.0058 | TR: 857.1823 | TF: 500 | LR: 500 | NR: 0 | D: 25.6 s | TD: 00.0 s | BR: 0.3457 | ALOSS: -44.3677 | CLOSS: 0.0345 | TLOSS: 0.0000 | TVAL: 0.0109 | AENT: -5.9991 | BCLOSS: 0.0000
| train          | E: 372 | S: 372000 | R: 564.4024 | TR: 870.4534 | TF: 500 | LR: 500 | NR: 0 | D: 13.6 s | TD: 00.0 s | BR: 0.3459 | ALOSS: -44.4157 | CLOSS: 0.0341 | TLOSS: -0.0000 | TVAL: 0.0109 | AENT: -6.0018 | BCLOSS: 0.0000
| train          | E: 373 | S: 373000 | R: 558.4948 | TR: 855.5660 | TF: 500 | LR: 500 | NR: 0 | D: 13.7 s | TD: 00.0 s | BR: 0.3465 | ALOSS: -44.4799 | CLOSS: 0.0339 | TLOSS: 0.0001 | TVAL: 0.0108 | AENT: -5.9921 | BCLOSS: 0.0000
| train          | E: 374 | S: 374000 | R: 571.0070 | TR: 877.6205 | TF: 500 | LR: 500 | NR: 0 | D: 13.6 s | TD: 00.0 s | BR: 0.3477 | ALOSS: -44.5434 | CLOSS: 0.0344 | TLOSS: -0.0001 | TVAL: 0.0108 | AENT: -6.0079 | BCLOSS: 0.0000
| train          | E: 375 | S: 375000 | R: 559.5074 | TR: 855.4559 | TF: 500 | LR: 500 | NR: 0 | D: 13.6 s | TD: 00.0 s | BR: 0.3485 | ALOSS: -44.6125 | CLOSS: 0.0333 | TLOSS: -0.0000 | TVAL: 0.0108 | AENT: -6.0015 | BCLOSS: 0.0000
| train          | E: 376 | S: 376000 | R: 567.6021 | TR: 879.4065 | TF: 500 | LR: 500 | NR: 0 | D: 13.6 s | TD: 00.0 s | BR: 0.3487 | ALOSS: -44.6713 | CLOSS: 0.0338 | TLOSS: 0.0000 | TVAL: 0.0109 | AENT: -5.9981 | BCLOSS: 0.0000
| train          | E: 377 | S: 377000 | R: 537.7581 | TR: 839.3569 | TF: 500 | LR: 500 | NR: 0 | D: 13.7 s | TD: 00.0 s | BR: 0.3492 | ALOSS: -44.7258 | CLOSS: 0.0335 | TLOSS: -0.0000 | TVAL: 0.0109 | AENT: -6.0005 | BCLOSS: 0.0000
| train          | E: 378 | S: 378000 | R: 574.5438 | TR: 885.0527 | TF: 500 | LR: 500 | NR: 0 | D: 13.7 s | TD: 00.0 s | BR: 0.3499 | ALOSS: -44.7837 | CLOSS: 0.0334 | TLOSS: -0.0000 | TVAL: 0.0109 | AENT: -6.0014 | BCLOSS: 0.0000
| train          | E: 379 | S: 379000 | R: 580.3931 | TR: 893.7226 | TF: 500 | LR: 500 | NR: 0 | D: 13.6 s | TD: 00.0 s | BR: 0.3503 | ALOSS: -44.8419 | CLOSS: 0.0335 | TLOSS: 0.0000 | TVAL: 0.0108 | AENT: -5.9978 | BCLOSS: 0.0000
| train          | E: 380 | S: 380000 | R: 582.6604 | TR: 894.5522 | TF: 500 | LR: 500 | NR: 0 | D: 13.6 s | TD: 00.0 s | BR: 0.3510 | ALOSS: -44.9032 | CLOSS: 0.0339 | TLOSS: -0.0000 | TVAL: 0.0109 | AENT: -6.0019 | BCLOSS: 0.0000
| eval           | E: 380 | S: 380000 | R: 891.7977 | TR: 891.7977 | TS: 0.0000
| train          | E: 381 | S: 381000 | R: 561.6859 | TR: 865.6569 | TF: 500 | LR: 500 | NR: 0 | D: 25.6 s | TD: 00.0 s | BR: 0.3515 | ALOSS: -44.9581 | CLOSS: 0.0329 | TLOSS: 0.0000 | TVAL: 0.0109 | AENT: -5.9963 | BCLOSS: 0.0000
| train          | E: 382 | S: 382000 | R: 577.4481 | TR: 887.6461 | TF: 500 | LR: 500 | NR: 0 | D: 13.6 s | TD: 00.0 s | BR: 0.3520 | ALOSS: -45.0219 | CLOSS: 0.0331 | TLOSS: -0.0000 | TVAL: 0.0108 | AENT: -6.0022 | BCLOSS: 0.0000
| train          | E: 383 | S: 383000 | R: 566.4955 | TR: 879.4494 | TF: 500 | LR: 500 | NR: 0 | D: 13.6 s | TD: 00.0 s | BR: 0.3525 | ALOSS: -45.0715 | CLOSS: 0.0335 | TLOSS: 0.0000 | TVAL: 0.0109 | AENT: -6.0000 | BCLOSS: 0.0000
| train          | E: 384 | S: 384000 | R: 558.6517 | TR: 859.7147 | TF: 500 | LR: 500 | NR: 0 | D: 13.6 s | TD: 00.0 s | BR: 0.3531 | ALOSS: -45.1352 | CLOSS: 0.0335 | TLOSS: -0.0000 | TVAL: 0.0108 | AENT: -6.0005 | BCLOSS: 0.0000
| train          | E: 385 | S: 385000 | R: 567.0639 | TR: 872.6842 | TF: 500 | LR: 500 | NR: 0 | D: 13.7 s | TD: 00.0 s | BR: 0.3538 | ALOSS: -45.1878 | CLOSS: 0.0329 | TLOSS: 0.0000 | TVAL: 0.0108 | AENT: -5.9967 | BCLOSS: 0.0000
| train          | E: 386 | S: 386000 | R: 565.9374 | TR: 882.0017 | TF: 500 | LR: 500 | NR: 0 | D: 13.6 s | TD: 00.0 s | BR: 0.3544 | ALOSS: -45.2540 | CLOSS: 0.0340 | TLOSS: 0.0000 | TVAL: 0.0108 | AENT: -5.9988 | BCLOSS: 0.0000
| train          | E: 387 | S: 387000 | R: 569.0372 | TR: 864.9494 | TF: 500 | LR: 500 | NR: 0 | D: 13.7 s | TD: 00.0 s | BR: 0.3550 | ALOSS: -45.3106 | CLOSS: 0.0327 | TLOSS: -0.0001 | TVAL: 0.0108 | AENT: -6.0093 | BCLOSS: 0.0000
| train          | E: 388 | S: 388000 | R: 577.8425 | TR: 884.7641 | TF: 500 | LR: 500 | NR: 0 | D: 13.6 s | TD: 00.0 s | BR: 0.3557 | ALOSS: -45.3704 | CLOSS: 0.0327 | TLOSS: -0.0000 | TVAL: 0.0109 | AENT: -6.0007 | BCLOSS: 0.0000
| train          | E: 389 | S: 389000 | R: 577.8181 | TR: 886.0497 | TF: 500 | LR: 500 | NR: 0 | D: 13.6 s | TD: 00.0 s | BR: 0.3564 | ALOSS: -45.4208 | CLOSS: 0.0323 | TLOSS: 0.0000 | TVAL: 0.0109 | AENT: -5.9992 | BCLOSS: 0.0000
| train          | E: 390 | S: 390000 | R: 584.3657 | TR: 890.3441 | TF: 500 | LR: 500 | NR: 0 | D: 13.6 s | TD: 00.0 s | BR: 0.3564 | ALOSS: -45.4689 | CLOSS: 0.0331 | TLOSS: 0.0000 | TVAL: 0.0109 | AENT: -5.9970 | BCLOSS: 0.0000
| eval           | E: 390 | S: 390000 | R: 898.4300 | TR: 898.4300 | TS: 0.0000
| train          | E: 391 | S: 391000 | R: 565.3714 | TR: 860.0240 | TF: 500 | LR: 500 | NR: 0 | D: 25.0 s | TD: 00.0 s | BR: 0.3570 | ALOSS: -45.5236 | CLOSS: 0.0326 | TLOSS: 0.0001 | TVAL: 0.0108 | AENT: -5.9889 | BCLOSS: 0.0000
| train          | E: 392 | S: 392000 | R: 572.1203 | TR: 877.7913 | TF: 500 | LR: 500 | NR: 0 | D: 14.6 s | TD: 00.0 s | BR: 0.3577 | ALOSS: -45.5774 | CLOSS: 0.0325 | TLOSS: -0.0001 | TVAL: 0.0108 | AENT: -6.0083 | BCLOSS: 0.0000
| train          | E: 393 | S: 393000 | R: 566.6407 | TR: 866.7410 | TF: 500 | LR: 500 | NR: 0 | D: 13.6 s | TD: 00.0 s | BR: 0.3582 | ALOSS: -45.6275 | CLOSS: 0.0325 | TLOSS: 0.0000 | TVAL: 0.0108 | AENT: -5.9968 | BCLOSS: 0.0000
| train          | E: 394 | S: 394000 | R: 577.2959 | TR: 878.1145 | TF: 500 | LR: 500 | NR: 0 | D: 14.6 s | TD: 00.0 s | BR: 0.3591 | ALOSS: -45.6819 | CLOSS: 0.0326 | TLOSS: -0.0000 | TVAL: 0.0108 | AENT: -6.0025 | BCLOSS: 0.0000
| train          | E: 395 | S: 395000 | R: 573.3953 | TR: 884.4958 | TF: 500 | LR: 500 | NR: 0 | D: 13.7 s | TD: 00.0 s | BR: 0.3593 | ALOSS: -45.7303 | CLOSS: 0.0327 | TLOSS: 0.0000 | TVAL: 0.0108 | AENT: -5.9960 | BCLOSS: 0.0000
| train          | E: 396 | S: 396000 | R: 573.4313 | TR: 875.7384 | TF: 500 | LR: 500 | NR: 0 | D: 13.7 s | TD: 00.0 s | BR: 0.3603 | ALOSS: -45.7957 | CLOSS: 0.0326 | TLOSS: 0.0000 | TVAL: 0.0108 | AENT: -5.9967 | BCLOSS: 0.0000
| train          | E: 397 | S: 397000 | R: 556.9252 | TR: 845.4575 | TF: 500 | LR: 500 | NR: 0 | D: 13.7 s | TD: 00.0 s | BR: 0.3608 | ALOSS: -45.8455 | CLOSS: 0.0326 | TLOSS: -0.0000 | TVAL: 0.0108 | AENT: -6.0014 | BCLOSS: 0.0000
| train          | E: 398 | S: 398000 | R: 573.7881 | TR: 881.7985 | TF: 500 | LR: 500 | NR: 0 | D: 13.6 s | TD: 00.0 s | BR: 0.3608 | ALOSS: -45.8852 | CLOSS: 0.0328 | TLOSS: 0.0001 | TVAL: 0.0108 | AENT: -5.9924 | BCLOSS: 0.0000
| train          | E: 399 | S: 399000 | R: 565.1243 | TR: 871.6178 | TF: 500 | LR: 500 | NR: 0 | D: 13.6 s | TD: 00.0 s | BR: 0.3613 | ALOSS: -45.9404 | CLOSS: 0.0324 | TLOSS: -0.0001 | TVAL: 0.0108 | AENT: -6.0076 | BCLOSS: 0.0000
| train          | E: 400 | S: 400000 | R: 559.8983 | TR: 855.9482 | TF: 500 | LR: 500 | NR: 0 | D: 13.7 s | TD: 00.0 s | BR: 0.3621 | ALOSS: -45.9883 | CLOSS: 0.0322 | TLOSS: -0.0000 | TVAL: 0.0108 | AENT: -6.0016 | BCLOSS: 0.0000
| eval           | E: 400 | S: 400000 | R: 889.3653 | TR: 889.3653 | TS: 0.0000
| train          | E: 401 | S: 401000 | R: 578.4912 | TR: 895.4120 | TF: 500 | LR: 500 | NR: 0 | D: 25.3 s | TD: 00.0 s | BR: 0.3625 | ALOSS: -46.0346 | CLOSS: 0.0327 | TLOSS: -0.0001 | TVAL: 0.0108 | AENT: -6.0048 | BCLOSS: 0.0000
| train          | E: 402 | S: 402000 | R: 550.3652 | TR: 846.5107 | TF: 500 | LR: 500 | NR: 0 | D: 13.6 s | TD: 00.0 s | BR: 0.3627 | ALOSS: -46.0741 | CLOSS: 0.0326 | TLOSS: 0.0000 | TVAL: 0.0108 | AENT: -5.9993 | BCLOSS: 0.0000
| train          | E: 403 | S: 403000 | R: 588.4265 | TR: 901.9050 | TF: 500 | LR: 500 | NR: 0 | D: 13.7 s | TD: 00.0 s | BR: 0.3643 | ALOSS: -46.1469 | CLOSS: 0.0320 | TLOSS: 0.0001 | TVAL: 0.0108 | AENT: -5.9942 | BCLOSS: 0.0000
| train          | E: 404 | S: 404000 | R: 579.0200 | TR: 884.2043 | TF: 500 | LR: 500 | NR: 0 | D: 13.6 s | TD: 00.0 s | BR: 0.3637 | ALOSS: -46.1778 | CLOSS: 0.0324 | TLOSS: -0.0000 | TVAL: 0.0108 | AENT: -6.0029 | BCLOSS: 0.0000
| train          | E: 405 | S: 405000 | R: 571.2293 | TR: 873.9883 | TF: 500 | LR: 500 | NR: 0 | D: 13.8 s | TD: 00.0 s | BR: 0.3642 | ALOSS: -46.2271 | CLOSS: 0.0324 | TLOSS: 0.0000 | TVAL: 0.0108 | AENT: -5.9968 | BCLOSS: 0.0000
| train          | E: 406 | S: 406000 | R: 569.4429 | TR: 871.2901 | TF: 500 | LR: 500 | NR: 0 | D: 13.6 s | TD: 00.0 s | BR: 0.3654 | ALOSS: -46.2871 | CLOSS: 0.0324 | TLOSS: 0.0000 | TVAL: 0.0107 | AENT: -5.9972 | BCLOSS: 0.0000
| train          | E: 407 | S: 407000 | R: 550.8725 | TR: 822.0910 | TF: 500 | LR: 500 | NR: 0 | D: 13.7 s | TD: 00.0 s | BR: 0.3656 | ALOSS: -46.3313 | CLOSS: 0.0329 | TLOSS: 0.0000 | TVAL: 0.0108 | AENT: -5.9976 | BCLOSS: 0.0000
| train          | E: 408 | S: 408000 | R: 533.4281 | TR: 825.5942 | TF: 500 | LR: 500 | NR: 0 | D: 13.6 s | TD: 00.0 s | BR: 0.3657 | ALOSS: -46.3711 | CLOSS: 0.0325 | TLOSS: -0.0001 | TVAL: 0.0108 | AENT: -6.0047 | BCLOSS: 0.0000
| train          | E: 409 | S: 409000 | R: 572.6617 | TR: 876.8209 | TF: 500 | LR: 500 | NR: 0 | D: 13.6 s | TD: 00.0 s | BR: 0.3663 | ALOSS: -46.4199 | CLOSS: 0.0326 | TLOSS: -0.0000 | TVAL: 0.0108 | AENT: -6.0042 | BCLOSS: 0.0000
| train          | E: 410 | S: 410000 | R: 587.2640 | TR: 890.0600 | TF: 500 | LR: 500 | NR: 0 | D: 13.6 s | TD: 00.0 s | BR: 0.3673 | ALOSS: -46.4720 | CLOSS: 0.0323 | TLOSS: 0.0000 | TVAL: 0.0108 | AENT: -5.9975 | BCLOSS: 0.0000
| eval           | E: 410 | S: 410000 | R: 887.4870 | TR: 887.4870 | TS: 0.0000
| train          | E: 411 | S: 411000 | R: 589.4374 | TR: 896.4857 | TF: 500 | LR: 500 | NR: 0 | D: 25.3 s | TD: 00.0 s | BR: 0.3673 | ALOSS: -46.5153 | CLOSS: 0.0324 | TLOSS: -0.0001 | TVAL: 0.0108 | AENT: -6.0047 | BCLOSS: 0.0000
| train          | E: 412 | S: 412000 | R: 571.8088 | TR: 862.0171 | TF: 500 | LR: 500 | NR: 0 | D: 13.5 s | TD: 00.0 s | BR: 0.3681 | ALOSS: -46.5566 | CLOSS: 0.0325 | TLOSS: -0.0000 | TVAL: 0.0108 | AENT: -6.0034 | BCLOSS: 0.0000
| train          | E: 413 | S: 413000 | R: 559.7410 | TR: 850.3444 | TF: 500 | LR: 500 | NR: 0 | D: 13.6 s | TD: 00.0 s | BR: 0.3684 | ALOSS: -46.5970 | CLOSS: 0.0329 | TLOSS: 0.0001 | TVAL: 0.0108 | AENT: -5.9928 | BCLOSS: 0.0000
| train          | E: 414 | S: 414000 | R: 570.6371 | TR: 867.2839 | TF: 500 | LR: 500 | NR: 0 | D: 13.6 s | TD: 00.0 s | BR: 0.3689 | ALOSS: -46.6474 | CLOSS: 0.0327 | TLOSS: 0.0000 | TVAL: 0.0108 | AENT: -5.9968 | BCLOSS: 0.0000
| train          | E: 415 | S: 415000 | R: 552.4492 | TR: 833.1333 | TF: 500 | LR: 500 | NR: 0 | D: 13.7 s | TD: 00.0 s | BR: 0.3692 | ALOSS: -46.6909 | CLOSS: 0.0327 | TLOSS: -0.0000 | TVAL: 0.0108 | AENT: -6.0023 | BCLOSS: 0.0000
| train          | E: 416 | S: 416000 | R: 584.1749 | TR: 896.4499 | TF: 500 | LR: 500 | NR: 0 | D: 13.6 s | TD: 00.0 s | BR: 0.3702 | ALOSS: -46.7420 | CLOSS: 0.0321 | TLOSS: 0.0001 | TVAL: 0.0108 | AENT: -5.9945 | BCLOSS: 0.0000
| train          | E: 417 | S: 417000 | R: 576.9925 | TR: 879.0414 | TF: 500 | LR: 500 | NR: 0 | D: 13.6 s | TD: 00.0 s | BR: 0.3705 | ALOSS: -46.7834 | CLOSS: 0.0329 | TLOSS: -0.0000 | TVAL: 0.0107 | AENT: -6.0023 | BCLOSS: 0.0000
| train          | E: 418 | S: 418000 | R: 575.9532 | TR: 882.9684 | TF: 500 | LR: 500 | NR: 0 | D: 13.6 s | TD: 00.0 s | BR: 0.3711 | ALOSS: -46.8354 | CLOSS: 0.0321 | TLOSS: 0.0001 | TVAL: 0.0108 | AENT: -5.9942 | BCLOSS: 0.0000
| train          | E: 419 | S: 419000 | R: 573.4032 | TR: 873.0059 | TF: 500 | LR: 500 | NR: 0 | D: 13.6 s | TD: 00.0 s | BR: 0.3716 | ALOSS: -46.8811 | CLOSS: 0.0325 | TLOSS: 0.0000 | TVAL: 0.0107 | AENT: -5.9960 | BCLOSS: 0.0000
| train          | E: 420 | S: 420000 | R: 543.6111 | TR: 819.2715 | TF: 500 | LR: 500 | NR: 0 | D: 13.6 s | TD: 00.0 s | BR: 0.3720 | ALOSS: -46.9182 | CLOSS: 0.0317 | TLOSS: -0.0000 | TVAL: 0.0107 | AENT: -6.0033 | BCLOSS: 0.0000
| eval           | E: 420 | S: 420000 | R: 897.5281 | TR: 897.5281 | TS: 0.0000
| train          | E: 421 | S: 421000 | R: 590.2077 | TR: 899.0677 | TF: 500 | LR: 500 | NR: 0 | D: 25.3 s | TD: 00.0 s | BR: 0.3726 | ALOSS: -46.9659 | CLOSS: 0.0321 | TLOSS: 0.0000 | TVAL: 0.0107 | AENT: -5.9982 | BCLOSS: 0.0000
| train          | E: 422 | S: 422000 | R: 586.6607 | TR: 886.6035 | TF: 500 | LR: 500 | NR: 0 | D: 13.4 s | TD: 00.0 s | BR: 0.3726 | ALOSS: -46.9996 | CLOSS: 0.0323 | TLOSS: -0.0001 | TVAL: 0.0108 | AENT: -6.0062 | BCLOSS: 0.0000
| train          | E: 423 | S: 423000 | R: 577.6354 | TR: 874.5397 | TF: 500 | LR: 500 | NR: 0 | D: 13.6 s | TD: 00.0 s | BR: 0.3734 | ALOSS: -47.0504 | CLOSS: 0.0319 | TLOSS: -0.0000 | TVAL: 0.0108 | AENT: -6.0016 | BCLOSS: 0.0000
| train          | E: 424 | S: 424000 | R: 568.5262 | TR: 850.5535 | TF: 500 | LR: 500 | NR: 0 | D: 13.6 s | TD: 00.0 s | BR: 0.3740 | ALOSS: -47.0961 | CLOSS: 0.0324 | TLOSS: 0.0000 | TVAL: 0.0107 | AENT: -5.9978 | BCLOSS: 0.0000
| train          | E: 425 | S: 425000 | R: 560.2645 | TR: 851.7789 | TF: 500 | LR: 500 | NR: 0 | D: 13.8 s | TD: 00.0 s | BR: 0.3737 | ALOSS: -47.1279 | CLOSS: 0.0322 | TLOSS: -0.0001 | TVAL: 0.0108 | AENT: -6.0054 | BCLOSS: 0.0000
| train          | E: 426 | S: 426000 | R: 581.8107 | TR: 882.1574 | TF: 500 | LR: 500 | NR: 0 | D: 13.7 s | TD: 00.0 s | BR: 0.3750 | ALOSS: -47.1784 | CLOSS: 0.0316 | TLOSS: 0.0001 | TVAL: 0.0107 | AENT: -5.9896 | BCLOSS: 0.0000
| train          | E: 427 | S: 427000 | R: 577.3279 | TR: 878.4212 | TF: 500 | LR: 500 | NR: 0 | D: 13.7 s | TD: 00.0 s | BR: 0.3755 | ALOSS: -47.2236 | CLOSS: 0.0319 | TLOSS: -0.0000 | TVAL: 0.0107 | AENT: -6.0045 | BCLOSS: 0.0000
| train          | E: 428 | S: 428000 | R: 582.7121 | TR: 887.2729 | TF: 500 | LR: 500 | NR: 0 | D: 13.6 s | TD: 00.0 s | BR: 0.3760 | ALOSS: -47.2647 | CLOSS: 0.0311 | TLOSS: 0.0001 | TVAL: 0.0107 | AENT: -5.9898 | BCLOSS: 0.0000
| train          | E: 429 | S: 429000 | R: 578.2603 | TR: 876.0643 | TF: 500 | LR: 500 | NR: 0 | D: 13.6 s | TD: 00.0 s | BR: 0.3759 | ALOSS: -47.2998 | CLOSS: 0.0327 | TLOSS: -0.0001 | TVAL: 0.0107 | AENT: -6.0078 | BCLOSS: 0.0000
| train          | E: 430 | S: 430000 | R: 574.1731 | TR: 860.8429 | TF: 500 | LR: 500 | NR: 0 | D: 13.7 s | TD: 00.0 s | BR: 0.3768 | ALOSS: -47.3484 | CLOSS: 0.0311 | TLOSS: 0.0000 | TVAL: 0.0107 | AENT: -5.9995 | BCLOSS: 0.0000
| eval           | E: 430 | S: 430000 | R: 888.8338 | TR: 888.8338 | TS: 0.0000
| train          | E: 431 | S: 431000 | R: 588.6726 | TR: 894.5574 | TF: 500 | LR: 500 | NR: 0 | D: 25.2 s | TD: 00.0 s | BR: 0.3773 | ALOSS: -47.3971 | CLOSS: 0.0317 | TLOSS: 0.0001 | TVAL: 0.0107 | AENT: -5.9895 | BCLOSS: 0.0000
| train          | E: 432 | S: 432000 | R: 580.3673 | TR: 883.5952 | TF: 500 | LR: 500 | NR: 0 | D: 13.5 s | TD: 00.0 s | BR: 0.3776 | ALOSS: -47.4343 | CLOSS: 0.0323 | TLOSS: -0.0001 | TVAL: 0.0107 | AENT: -6.0053 | BCLOSS: 0.0000
| train          | E: 433 | S: 433000 | R: 562.0925 | TR: 841.6425 | TF: 500 | LR: 500 | NR: 0 | D: 13.7 s | TD: 00.0 s | BR: 0.3779 | ALOSS: -47.4740 | CLOSS: 0.0319 | TLOSS: -0.0001 | TVAL: 0.0107 | AENT: -6.0072 | BCLOSS: 0.0000
| train          | E: 434 | S: 434000 | R: 564.2049 | TR: 841.8087 | TF: 500 | LR: 500 | NR: 0 | D: 13.7 s | TD: 00.0 s | BR: 0.3785 | ALOSS: -47.5186 | CLOSS: 0.0319 | TLOSS: 0.0002 | TVAL: 0.0107 | AENT: -5.9858 | BCLOSS: 0.0000
| train          | E: 435 | S: 435000 | R: 572.2708 | TR: 877.4420 | TF: 500 | LR: 500 | NR: 0 | D: 13.6 s | TD: 00.0 s | BR: 0.3788 | ALOSS: -47.5525 | CLOSS: 0.0322 | TLOSS: -0.0001 | TVAL: 0.0106 | AENT: -6.0062 | BCLOSS: 0.0000
| train          | E: 436 | S: 436000 | R: 574.7038 | TR: 876.9616 | TF: 500 | LR: 500 | NR: 0 | D: 13.6 s | TD: 00.0 s | BR: 0.3790 | ALOSS: -47.5816 | CLOSS: 0.0315 | TLOSS: -0.0000 | TVAL: 0.0107 | AENT: -6.0007 | BCLOSS: 0.0000
| train          | E: 437 | S: 437000 | R: 577.8005 | TR: 869.5632 | TF: 500 | LR: 500 | NR: 0 | D: 13.6 s | TD: 00.0 s | BR: 0.3801 | ALOSS: -47.6316 | CLOSS: 0.0312 | TLOSS: 0.0001 | TVAL: 0.0107 | AENT: -5.9935 | BCLOSS: 0.0000
| train          | E: 438 | S: 438000 | R: 584.2961 | TR: 881.2416 | TF: 500 | LR: 500 | NR: 0 | D: 13.6 s | TD: 00.0 s | BR: 0.3799 | ALOSS: -47.6702 | CLOSS: 0.0317 | TLOSS: 0.0000 | TVAL: 0.0106 | AENT: -5.9992 | BCLOSS: 0.0000
| train          | E: 439 | S: 439000 | R: 578.9058 | TR: 871.8458 | TF: 500 | LR: 500 | NR: 0 | D: 13.7 s | TD: 00.0 s | BR: 0.3810 | ALOSS: -47.7163 | CLOSS: 0.0318 | TLOSS: 0.0000 | TVAL: 0.0106 | AENT: -5.9987 | BCLOSS: 0.0000
| train          | E: 440 | S: 440000 | R: 590.0707 | TR: 886.9658 | TF: 500 | LR: 500 | NR: 0 | D: 13.7 s | TD: 00.0 s | BR: 0.3812 | ALOSS: -47.7547 | CLOSS: 0.0315 | TLOSS: -0.0001 | TVAL: 0.0107 | AENT: -6.0053 | BCLOSS: 0.0000
| eval           | E: 440 | S: 440000 | R: 884.3054 | TR: 884.3054 | TS: 0.0000
| train          | E: 441 | S: 441000 | R: 564.3185 | TR: 866.0519 | TF: 500 | LR: 500 | NR: 0 | D: 25.4 s | TD: 00.0 s | BR: 0.3818 | ALOSS: -47.7965 | CLOSS: 0.0312 | TLOSS: 0.0000 | TVAL: 0.0106 | AENT: -5.9982 | BCLOSS: 0.0000
| train          | E: 442 | S: 442000 | R: 592.3649 | TR: 897.7435 | TF: 500 | LR: 500 | NR: 0 | D: 13.5 s | TD: 00.0 s | BR: 0.3820 | ALOSS: -47.8344 | CLOSS: 0.0315 | TLOSS: -0.0000 | TVAL: 0.0106 | AENT: -6.0004 | BCLOSS: 0.0000
| train          | E: 443 | S: 443000 | R: 573.8996 | TR: 868.6436 | TF: 500 | LR: 500 | NR: 0 | D: 13.6 s | TD: 00.0 s | BR: 0.3825 | ALOSS: -47.8733 | CLOSS: 0.0311 | TLOSS: 0.0001 | TVAL: 0.0106 | AENT: -5.9927 | BCLOSS: 0.0000
| train          | E: 444 | S: 444000 | R: 570.8605 | TR: 866.3110 | TF: 500 | LR: 500 | NR: 0 | D: 13.7 s | TD: 00.0 s | BR: 0.3831 | ALOSS: -47.9107 | CLOSS: 0.0312 | TLOSS: -0.0000 | TVAL: 0.0106 | AENT: -6.0017 | BCLOSS: 0.0000
| train          | E: 445 | S: 445000 | R: 587.5027 | TR: 897.5639 | TF: 500 | LR: 500 | NR: 0 | D: 13.6 s | TD: 00.0 s | BR: 0.3831 | ALOSS: -47.9425 | CLOSS: 0.0311 | TLOSS: 0.0000 | TVAL: 0.0106 | AENT: -5.9977 | BCLOSS: 0.0000
| train          | E: 446 | S: 446000 | R: 570.5866 | TR: 859.9236 | TF: 500 | LR: 500 | NR: 0 | D: 13.6 s | TD: 00.0 s | BR: 0.3836 | ALOSS: -47.9781 | CLOSS: 0.0312 | TLOSS: 0.0000 | TVAL: 0.0106 | AENT: -5.9995 | BCLOSS: 0.0000
| train          | E: 447 | S: 447000 | R: 590.2862 | TR: 890.2531 | TF: 500 | LR: 500 | NR: 0 | D: 13.7 s | TD: 00.0 s | BR: 0.3840 | ALOSS: -48.0184 | CLOSS: 0.0306 | TLOSS: 0.0001 | TVAL: 0.0106 | AENT: -5.9944 | BCLOSS: 0.0000
| train          | E: 448 | S: 448000 | R: 586.1556 | TR: 878.7864 | TF: 500 | LR: 500 | NR: 0 | D: 13.7 s | TD: 00.0 s | BR: 0.3848 | ALOSS: -48.0580 | CLOSS: 0.0305 | TLOSS: -0.0001 | TVAL: 0.0105 | AENT: -6.0063 | BCLOSS: 0.0000
| train          | E: 449 | S: 449000 | R: 565.1609 | TR: 858.1019 | TF: 500 | LR: 500 | NR: 0 | D: 13.6 s | TD: 00.0 s | BR: 0.3849 | ALOSS: -48.0871 | CLOSS: 0.0311 | TLOSS: 0.0001 | TVAL: 0.0106 | AENT: -5.9939 | BCLOSS: 0.0000
| train          | E: 450 | S: 450000 | R: 589.4542 | TR: 885.3439 | TF: 500 | LR: 500 | NR: 0 | D: 13.6 s | TD: 00.0 s | BR: 0.3853 | ALOSS: -48.1190 | CLOSS: 0.0312 | TLOSS: -0.0000 | TVAL: 0.0106 | AENT: -6.0007 | BCLOSS: 0.0000
| eval           | E: 450 | S: 450000 | R: 884.1410 | TR: 884.1410 | TS: 0.0000
| train          | E: 451 | S: 451000 | R: 580.5225 | TR: 861.5429 | TF: 500 | LR: 500 | NR: 0 | D: 25.7 s | TD: 00.0 s | BR: 0.3860 | ALOSS: -48.1675 | CLOSS: 0.0303 | TLOSS: 0.0000 | TVAL: 0.0106 | AENT: -5.9959 | BCLOSS: 0.0000
| train          | E: 452 | S: 452000 | R: 592.2026 | TR: 901.5099 | TF: 500 | LR: 500 | NR: 0 | D: 13.6 s | TD: 00.0 s | BR: 0.3864 | ALOSS: -48.2033 | CLOSS: 0.0304 | TLOSS: 0.0001 | TVAL: 0.0105 | AENT: -5.9946 | BCLOSS: 0.0000
| train          | E: 453 | S: 453000 | R: 580.4892 | TR: 881.8940 | TF: 500 | LR: 500 | NR: 0 | D: 13.6 s | TD: 00.0 s | BR: 0.3868 | ALOSS: -48.2352 | CLOSS: 0.0307 | TLOSS: -0.0000 | TVAL: 0.0105 | AENT: -6.0041 | BCLOSS: 0.0000
| train          | E: 454 | S: 454000 | R: 573.5599 | TR: 858.6614 | TF: 500 | LR: 500 | NR: 0 | D: 13.7 s | TD: 00.0 s | BR: 0.3872 | ALOSS: -48.2728 | CLOSS: 0.0308 | TLOSS: 0.0001 | TVAL: 0.0105 | AENT: -5.9887 | BCLOSS: 0.0000
| train          | E: 455 | S: 455000 | R: 582.4077 | TR: 877.7256 | TF: 500 | LR: 500 | NR: 0 | D: 13.7 s | TD: 00.0 s | BR: 0.3879 | ALOSS: -48.3053 | CLOSS: 0.0306 | TLOSS: -0.0001 | TVAL: 0.0105 | AENT: -6.0090 | BCLOSS: 0.0000
| train          | E: 456 | S: 456000 | R: 556.4777 | TR: 834.0722 | TF: 500 | LR: 500 | NR: 0 | D: 13.7 s | TD: 00.0 s | BR: 0.3878 | ALOSS: -48.3354 | CLOSS: 0.0306 | TLOSS: 0.0000 | TVAL: 0.0105 | AENT: -5.9956 | BCLOSS: 0.0000
| train          | E: 457 | S: 457000 | R: 577.5913 | TR: 885.7846 | TF: 500 | LR: 500 | NR: 0 | D: 13.7 s | TD: 00.0 s | BR: 0.3887 | ALOSS: -48.3761 | CLOSS: 0.0308 | TLOSS: -0.0000 | TVAL: 0.0105 | AENT: -6.0001 | BCLOSS: 0.0000
| train          | E: 458 | S: 458000 | R: 576.8529 | TR: 879.1101 | TF: 500 | LR: 500 | NR: 0 | D: 13.7 s | TD: 00.0 s | BR: 0.3887 | ALOSS: -48.4059 | CLOSS: 0.0302 | TLOSS: 0.0000 | TVAL: 0.0104 | AENT: -5.9988 | BCLOSS: 0.0000
| train          | E: 459 | S: 459000 | R: 576.5963 | TR: 881.4561 | TF: 500 | LR: 500 | NR: 0 | D: 13.6 s | TD: 00.0 s | BR: 0.3894 | ALOSS: -48.4449 | CLOSS: 0.0304 | TLOSS: 0.0000 | TVAL: 0.0104 | AENT: -5.9983 | BCLOSS: 0.0000
| train          | E: 460 | S: 460000 | R: 582.4150 | TR: 883.6657 | TF: 500 | LR: 500 | NR: 0 | D: 13.6 s | TD: 00.0 s | BR: 0.3899 | ALOSS: -48.4821 | CLOSS: 0.0309 | TLOSS: 0.0000 | TVAL: 0.0104 | AENT: -5.9996 | BCLOSS: 0.0000
| eval           | E: 460 | S: 460000 | R: 880.6269 | TR: 880.6269 | TS: 0.0000
| train          | E: 461 | S: 461000 | R: 569.0130 | TR: 866.4642 | TF: 500 | LR: 500 | NR: 0 | D: 25.4 s | TD: 00.0 s | BR: 0.3901 | ALOSS: -48.5087 | CLOSS: 0.0309 | TLOSS: 0.0001 | TVAL: 0.0104 | AENT: -5.9936 | BCLOSS: 0.0000
| train          | E: 462 | S: 462000 | R: 565.6537 | TR: 856.2024 | TF: 500 | LR: 500 | NR: 0 | D: 13.6 s | TD: 00.0 s | BR: 0.3903 | ALOSS: -48.5389 | CLOSS: 0.0298 | TLOSS: -0.0000 | TVAL: 0.0104 | AENT: -6.0025 | BCLOSS: 0.0000
| train          | E: 463 | S: 463000 | R: 590.8676 | TR: 890.4641 | TF: 500 | LR: 500 | NR: 0 | D: 13.8 s | TD: 00.0 s | BR: 0.3910 | ALOSS: -48.5757 | CLOSS: 0.0302 | TLOSS: -0.0001 | TVAL: 0.0104 | AENT: -6.0057 | BCLOSS: 0.0000
| train          | E: 464 | S: 464000 | R: 573.8694 | TR: 870.7850 | TF: 500 | LR: 500 | NR: 0 | D: 13.7 s | TD: 00.0 s | BR: 0.3912 | ALOSS: -48.5984 | CLOSS: 0.0304 | TLOSS: 0.0001 | TVAL: 0.0104 | AENT: -5.9892 | BCLOSS: 0.0000
| train          | E: 465 | S: 465000 | R: 580.1089 | TR: 872.3460 | TF: 500 | LR: 500 | NR: 0 | D: 13.6 s | TD: 00.0 s | BR: 0.3917 | ALOSS: -48.6374 | CLOSS: 0.0302 | TLOSS: -0.0001 | TVAL: 0.0104 | AENT: -6.0062 | BCLOSS: 0.0000
| train          | E: 466 | S: 466000 | R: 568.4434 | TR: 869.7540 | TF: 500 | LR: 500 | NR: 0 | D: 13.6 s | TD: 00.0 s | BR: 0.3925 | ALOSS: -48.6743 | CLOSS: 0.0300 | TLOSS: 0.0000 | TVAL: 0.0104 | AENT: -5.9957 | BCLOSS: 0.0000
| train          | E: 467 | S: 467000 | R: 597.6825 | TR: 905.3742 | TF: 500 | LR: 500 | NR: 0 | D: 13.7 s | TD: 00.0 s | BR: 0.3927 | ALOSS: -48.7054 | CLOSS: 0.0306 | TLOSS: 0.0001 | TVAL: 0.0104 | AENT: -5.9942 | BCLOSS: 0.0000
| train          | E: 468 | S: 468000 | R: 571.8425 | TR: 853.1426 | TF: 500 | LR: 500 | NR: 0 | D: 13.7 s | TD: 00.0 s | BR: 0.3930 | ALOSS: -48.7312 | CLOSS: 0.0309 | TLOSS: -0.0000 | TVAL: 0.0104 | AENT: -6.0018 | BCLOSS: 0.0000
| train          | E: 469 | S: 469000 | R: 473.2523 | TR: 682.8642 | TF: 500 | LR: 500 | NR: 0 | D: 13.7 s | TD: 00.0 s | BR: 0.3931 | ALOSS: -48.7543 | CLOSS: 0.0308 | TLOSS: -0.0000 | TVAL: 0.0103 | AENT: -6.0022 | BCLOSS: 0.0000
| train          | E: 470 | S: 470000 | R: 578.9995 | TR: 880.0814 | TF: 500 | LR: 500 | NR: 0 | D: 13.6 s | TD: 00.0 s | BR: 0.3932 | ALOSS: -48.7832 | CLOSS: 0.0309 | TLOSS: 0.0001 | TVAL: 0.0104 | AENT: -5.9939 | BCLOSS: 0.0000
| eval           | E: 470 | S: 470000 | R: 878.8282 | TR: 878.8282 | TS: 0.0000
| train          | E: 471 | S: 471000 | R: 550.0007 | TR: 819.4920 | TF: 500 | LR: 500 | NR: 0 | D: 25.6 s | TD: 00.0 s | BR: 0.3940 | ALOSS: -48.8130 | CLOSS: 0.0309 | TLOSS: 0.0000 | TVAL: 0.0103 | AENT: -5.9985 | BCLOSS: 0.0000
| train          | E: 472 | S: 472000 | R: 573.4407 | TR: 867.1803 | TF: 500 | LR: 500 | NR: 0 | D: 13.6 s | TD: 00.0 s | BR: 0.3947 | ALOSS: -48.8472 | CLOSS: 0.0310 | TLOSS: 0.0000 | TVAL: 0.0103 | AENT: -5.9999 | BCLOSS: 0.0000
| train          | E: 473 | S: 473000 | R: 594.8261 | TR: 883.7650 | TF: 500 | LR: 500 | NR: 0 | D: 13.6 s | TD: 00.0 s | BR: 0.3948 | ALOSS: -48.8708 | CLOSS: 0.0305 | TLOSS: 0.0000 | TVAL: 0.0103 | AENT: -5.9962 | BCLOSS: 0.0000
| train          | E: 474 | S: 474000 | R: 578.5541 | TR: 869.9479 | TF: 500 | LR: 500 | NR: 0 | D: 13.7 s | TD: 00.0 s | BR: 0.3952 | ALOSS: -48.8988 | CLOSS: 0.0307 | TLOSS: 0.0000 | TVAL: 0.0103 | AENT: -5.9994 | BCLOSS: 0.0000
| train          | E: 475 | S: 475000 | R: 585.6608 | TR: 885.2083 | TF: 500 | LR: 500 | NR: 0 | D: 13.6 s | TD: 00.0 s | BR: 0.3952 | ALOSS: -48.9231 | CLOSS: 0.0308 | TLOSS: -0.0000 | TVAL: 0.0103 | AENT: -6.0043 | BCLOSS: 0.0000
| train          | E: 476 | S: 476000 | R: 589.7625 | TR: 883.7500 | TF: 500 | LR: 500 | NR: 0 | D: 13.6 s | TD: 00.0 s | BR: 0.3958 | ALOSS: -48.9628 | CLOSS: 0.0309 | TLOSS: 0.0001 | TVAL: 0.0103 | AENT: -5.9936 | BCLOSS: 0.0000
| train          | E: 477 | S: 477000 | R: 594.8453 | TR: 896.7679 | TF: 500 | LR: 500 | NR: 0 | D: 13.7 s | TD: 00.0 s | BR: 0.3964 | ALOSS: -48.9934 | CLOSS: 0.0306 | TLOSS: 0.0000 | TVAL: 0.0103 | AENT: -5.9983 | BCLOSS: 0.0000
| train          | E: 478 | S: 478000 | R: 575.9077 | TR: 856.1928 | TF: 500 | LR: 500 | NR: 0 | D: 13.6 s | TD: 00.0 s | BR: 0.3967 | ALOSS: -49.0238 | CLOSS: 0.0305 | TLOSS: -0.0000 | TVAL: 0.0103 | AENT: -6.0002 | BCLOSS: 0.0000
| train          | E: 479 | S: 479000 | R: 573.3627 | TR: 881.0124 | TF: 500 | LR: 500 | NR: 0 | D: 13.6 s | TD: 00.0 s | BR: 0.3971 | ALOSS: -49.0595 | CLOSS: 0.0307 | TLOSS: -0.0001 | TVAL: 0.0103 | AENT: -6.0068 | BCLOSS: 0.0000
| train          | E: 480 | S: 480000 | R: 586.1241 | TR: 886.9533 | TF: 500 | LR: 500 | NR: 0 | D: 13.6 s | TD: 00.0 s | BR: 0.3976 | ALOSS: -49.0838 | CLOSS: 0.0305 | TLOSS: -0.0000 | TVAL: 0.0103 | AENT: -6.0009 | BCLOSS: 0.0000
| eval           | E: 480 | S: 480000 | R: 887.0279 | TR: 887.0279 | TS: 0.0000
| train          | E: 481 | S: 481000 | R: 556.4386 | TR: 830.2214 | TF: 500 | LR: 500 | NR: 0 | D: 25.3 s | TD: 00.0 s | BR: 0.3977 | ALOSS: -49.1094 | CLOSS: 0.0306 | TLOSS: -0.0000 | TVAL: 0.0103 | AENT: -6.0002 | BCLOSS: 0.0000
| train          | E: 482 | S: 482000 | R: 588.1967 | TR: 883.5024 | TF: 500 | LR: 500 | NR: 0 | D: 13.8 s | TD: 00.0 s | BR: 0.3981 | ALOSS: -49.1403 | CLOSS: 0.0304 | TLOSS: 0.0000 | TVAL: 0.0103 | AENT: -5.9959 | BCLOSS: 0.0000
| train          | E: 483 | S: 483000 | R: 589.8531 | TR: 887.8669 | TF: 500 | LR: 500 | NR: 0 | D: 13.6 s | TD: 00.0 s | BR: 0.3984 | ALOSS: -49.1604 | CLOSS: 0.0301 | TLOSS: -0.0000 | TVAL: 0.0103 | AENT: -6.0022 | BCLOSS: 0.0000
| train          | E: 484 | S: 484000 | R: 579.8059 | TR: 872.8880 | TF: 500 | LR: 500 | NR: 0 | D: 13.6 s | TD: 00.0 s | BR: 0.3991 | ALOSS: -49.1988 | CLOSS: 0.0299 | TLOSS: 0.0000 | TVAL: 0.0103 | AENT: -5.9991 | BCLOSS: 0.0000
| train          | E: 485 | S: 485000 | R: 586.3820 | TR: 871.2281 | TF: 500 | LR: 500 | NR: 0 | D: 13.6 s | TD: 00.0 s | BR: 0.3992 | ALOSS: -49.2178 | CLOSS: 0.0300 | TLOSS: 0.0000 | TVAL: 0.0103 | AENT: -5.9966 | BCLOSS: 0.0000
| train          | E: 486 | S: 486000 | R: 600.0635 | TR: 902.2685 | TF: 500 | LR: 500 | NR: 0 | D: 13.6 s | TD: 00.0 s | BR: 0.3999 | ALOSS: -49.2542 | CLOSS: 0.0300 | TLOSS: 0.0001 | TVAL: 0.0103 | AENT: -5.9925 | BCLOSS: 0.0000
| train          | E: 487 | S: 487000 | R: 595.2903 | TR: 888.5383 | TF: 500 | LR: 500 | NR: 0 | D: 13.7 s | TD: 00.0 s | BR: 0.4002 | ALOSS: -49.2774 | CLOSS: 0.0301 | TLOSS: -0.0001 | TVAL: 0.0103 | AENT: -6.0067 | BCLOSS: 0.0000
| train          | E: 488 | S: 488000 | R: 563.2161 | TR: 839.5286 | TF: 500 | LR: 500 | NR: 0 | D: 13.6 s | TD: 00.0 s | BR: 0.4003 | ALOSS: -49.2987 | CLOSS: 0.0300 | TLOSS: -0.0000 | TVAL: 0.0103 | AENT: -6.0023 | BCLOSS: 0.0000
| train          | E: 489 | S: 489000 | R: 553.5324 | TR: 839.8274 | TF: 500 | LR: 500 | NR: 0 | D: 13.6 s | TD: 00.0 s | BR: 0.4008 | ALOSS: -49.3318 | CLOSS: 0.0291 | TLOSS: 0.0001 | TVAL: 0.0103 | AENT: -5.9932 | BCLOSS: 0.0000
| train          | E: 490 | S: 490000 | R: 597.5176 | TR: 901.0577 | TF: 500 | LR: 500 | NR: 0 | D: 13.7 s | TD: 00.0 s | BR: 0.4015 | ALOSS: -49.3612 | CLOSS: 0.0297 | TLOSS: -0.0000 | TVAL: 0.0102 | AENT: -6.0025 | BCLOSS: 0.0000
| eval           | E: 490 | S: 490000 | R: 889.4903 | TR: 889.4903 | TS: 0.0000
| train          | E: 491 | S: 491000 | R: 593.4814 | TR: 889.9909 | TF: 500 | LR: 500 | NR: 0 | D: 24.7 s | TD: 00.0 s | BR: 0.4018 | ALOSS: -49.3889 | CLOSS: 0.0297 | TLOSS: 0.0001 | TVAL: 0.0102 | AENT: -5.9877 | BCLOSS: 0.0000
| train          | E: 492 | S: 492000 | R: 588.0161 | TR: 878.4552 | TF: 500 | LR: 500 | NR: 0 | D: 13.5 s | TD: 00.0 s | BR: 0.4018 | ALOSS: -49.4140 | CLOSS: 0.0295 | TLOSS: -0.0001 | TVAL: 0.0102 | AENT: -6.0079 | BCLOSS: 0.0000
| train          | E: 493 | S: 493000 | R: 566.3389 | TR: 856.6703 | TF: 500 | LR: 500 | NR: 0 | D: 13.5 s | TD: 00.0 s | BR: 0.4022 | ALOSS: -49.4351 | CLOSS: 0.0295 | TLOSS: 0.0001 | TVAL: 0.0102 | AENT: -5.9935 | BCLOSS: 0.0000
| train          | E: 494 | S: 494000 | R: 593.0800 | TR: 889.9601 | TF: 500 | LR: 500 | NR: 0 | D: 13.3 s | TD: 00.0 s | BR: 0.4028 | ALOSS: -49.4692 | CLOSS: 0.0290 | TLOSS: -0.0000 | TVAL: 0.0102 | AENT: -6.0045 | BCLOSS: 0.0000
| train          | E: 495 | S: 495000 | R: 585.4872 | TR: 874.3595 | TF: 500 | LR: 500 | NR: 0 | D: 13.6 s | TD: 00.0 s | BR: 0.4030 | ALOSS: -49.4923 | CLOSS: 0.0299 | TLOSS: 0.0000 | TVAL: 0.0102 | AENT: -5.9961 | BCLOSS: 0.0000
| train          | E: 496 | S: 496000 | R: 566.9654 | TR: 841.1478 | TF: 500 | LR: 500 | NR: 0 | D: 13.8 s | TD: 00.0 s | BR: 0.4034 | ALOSS: -49.5165 | CLOSS: 0.0290 | TLOSS: -0.0000 | TVAL: 0.0102 | AENT: -6.0004 | BCLOSS: 0.0000
| train          | E: 497 | S: 497000 | R: 598.9192 | TR: 893.4294 | TF: 500 | LR: 500 | NR: 0 | D: 13.9 s | TD: 00.0 s | BR: 0.4038 | ALOSS: -49.5415 | CLOSS: 0.0293 | TLOSS: -0.0000 | TVAL: 0.0102 | AENT: -6.0007 | BCLOSS: 0.0000
| train          | E: 498 | S: 498000 | R: 591.4035 | TR: 878.8046 | TF: 500 | LR: 500 | NR: 0 | D: 13.7 s | TD: 00.0 s | BR: 0.4045 | ALOSS: -49.5739 | CLOSS: 0.0290 | TLOSS: 0.0001 | TVAL: 0.0101 | AENT: -5.9901 | BCLOSS: 0.0000
| train          | E: 499 | S: 499000 | R: 582.4949 | TR: 879.5754 | TF: 500 | LR: 500 | NR: 0 | D: 14.1 s | TD: 00.0 s | BR: 0.4048 | ALOSS: -49.5998 | CLOSS: 0.0292 | TLOSS: -0.0001 | TVAL: 0.0102 | AENT: -6.0143 | BCLOSS: 0.0000
COMPARE_RUN_DIR=/scratch/marzii/compare_runs/pebble/4127465/seed_23451
device: cpu
env: walker_walk
feed_type: 0
max_feedback: 1400
num_interact: 5000
num_train_steps: 500000
num_unsup_steps: 5000
reward_batch: 128
reward_update: 200
seed: 23451
workspace: /scratch/marzii/compare_runs/pebble/4127465/seed_23451/pebble
logger.py warning: Unable to remove tb directory
[2026-02-26 18:59:13,164][absl][INFO] - MUJOCO_GL=osmesa, attempting to import specified OpenGL backend.
[2026-02-26 18:59:13,189][OpenGL.acceleratesupport][INFO] - No OpenGL_accelerate module loaded: No module named 'OpenGL_accelerate'
[2026-02-26 18:59:13,355][absl][INFO] - MuJoCo library version is: 2.3.7
/scratch/marzii/envs/bpref39/lib/python3.9/site-packages/gym/spaces/box.py:73: UserWarning: [33mWARN: Box bound precision lowered by casting to float32[0m
  logger.warn(
